type,code,name_en,extra_en,target,gender,number,elision
region,01,North American,,,,,
region,02,South American,,,,,
region,03,Latin American,,,,,
region,04,Central American,,,,,
region,05,European,,,,,
region,06,Eastern European,,,,,
region,07,Western European,,,,,
region,08,Asian,,,,,
region,09,East Asian,,,,,
region,10,Southeast Asian,,,,,
region,11,African,,,,,
region,12,North African,,,,,
region,13,Sub-Saharan African,,,,,
region,14,Middle Eastern,,,,,
region,15,Australian,,,,,
region,16,Pacific Rim,,,,,
region,17,Scandinavian,,,,,
region,18,Caribbean,,,,,
region,19,Belgian,,,,,
region,20,Korean,,,,,
region,21,Canadian,,,,,
region,22,Johannesburg,,,,,
region,23,Midwest,,,,,
region,24,Southeastern,,,,,
region,25,Sunbelt,,,,,
region,26,Alaskan,,,,,
region,27,Arctic,,,,,
region,28,East Coast,,,,,
region,29,west coast,,,,,
region,30,New England,,,,,
region,31,Texas,,,,,
region,32,Zurich,,,,,
region,33,San Jose,,,,,
region,34,California,,,,,
region,35,American,,,,,
region,36,Argentine,,,,,
region,37,Austrian,,,,,
region,38,Brazilian,,,,,
region,39,Chilean,,,,,
region,40,Chinese,,,,,
region,41,Colombian,,,,,
region,42,Costa Rican,,,,,
region,43,Czech,,,,,
region,44,Danish,,,,,
region,45,Egyptian,,,,,
region,46,Finnish,,,,,
region,47,French,,,,,
region,48,German,,,,,
region,49,Greek,,,,,
region,50,Hong Kong,,,,,
region,51,Hungarian,,,,,
region,52,Icelandic,,,,,
region,53,Indian,,,,,
region,54,Indonesian,,,,,
region,55,Irish,,,,,
region,56,Israeli,,,,,
region,57,Italian,,,,,
region,58,Japanese,,,,,
region,59,Malaysian,,,,,
region,60,Mexican,,,,,
region,61,Dutch,,,,,
region,62,New Zealand,,,,,
region,63,Norwegian,,,,,
region,64,Pakistani,,,,,
region,65,Peruvian,,,,,
region,66,Filipino,,,,,
region,67,Polish,,,,,
region,68,Portuguese,,,,,
region,69,Russian,,,,,
region,70,Saudi Arabian,,,,,
region,71,Singaporean,,,,,
region,72,Slovenian,,,,,
region,73,South African,,,,,
region,74,Spanish,,,,,
region,75,Sri Lankan,,,,,
region,76,Swedish,,,,,
region,77,Swiss,,,,,
region,78,Taiwanese,,,,,
region,79,Thai,,,,,
region,80,Turkish,,,,,
region,81,British,,,,,
region,82,Uruguayan,,,,,
region,83,Venezuelan,,,,,
region,84,Vietnamese,,,,,
region,85,overseas,,,,,
region,86,Iranian,,,,,
region,87,offshore,,,,,
region,88,U.S.,,,,,
region,89,Nigerian,,,,,
region,90,Libyan,,,,,
region,91,Asia,,,,,
region,92,Florida,,,,,
region,93,Santiago,,,,,
region,94,Milan,,,,,
region,95,Laotian,,,,,
region,96,Europe,,,,,
region,97,East Asia,,,,,
region,98,Southeast Asia,,,,,
region,99,Middle East,,,,,
region,100,Latin America,,,,,
