Term (EN),Definition (EN)
300% RULE,"A rule in Wall Street Raider, based on the U.S. Investment Company Act of 1940, which required that certain investment companies (ETFs in Wall Street Raider) must maintain a 300% ratio of net asset value to total indebtedness (loans owed and bonds issued). If the fund's assets decline in value so that net asset value is less than three times total indebtedness, the fund must pay off some of the debt and, if necessary, sell off some of its assets."
ADVANCES,"Funds advanced (loaned) by a player to a corporation he or she controls. In Wall $treet Raider, such advances are ""demand loans,"" on which the borrowing corporation pays interest at the same rate as the banks' Prime Rate, and which must be repaid whenever demanded by the lending player. However, advances are a low-ranking, or subordinated debt, so that if a repayment would endanger the credit worthiness of loans to the corporation from banks or bondholders, repayment may not be allowed. In general, any time the corporation has a credit rating of BB, BBB, A, AA, or AAA, the player has the right to recall (call in) the advance, in part or in full, in Wall $treet Raider. Note that in bankruptcy, bank lenders and bondholders will be paid off first, or will realize a higher percentage payoff of their claims, than players' advances to the corporation. If a player is receiving margin calls, he or she will automatically be forced to call in advances (from creditworthy corporate borrowers), and if you (the player) have sold off all other assets and are still getting margin calls, the program will cause you to ""forgive"" part of your advances to companies from which you cannot recall your advances, in an attempt to improve those companies' credit ratings to a point where you CAN receive repayment of the rest of the advance, in order to meet your margin calls. Often, this will result in your forgiving 100% of such advances."
AFFILIATE,"In Wall Street Raider, a company is an ""affiliate"" of another company if both companies are under control of the same player or company. A company that DIRECTLY owns 20% or more of another company will include that percentage of the subsidiary's income or loss in its net income, and will do so even if the company whose stock it owns is not an ""affiliate,"" such as when ABC owns 22% of XYZ, but an unrelated company or opposing player owns 23% of XYZ, and controls XYZ. Nevertheless, ABC will include 22% of XYZ's income or loss in its reported income, even though it does not control XYZ."
ANTITRUST LAWS,"Laws designed to prevent unfair business practices, including monopolies or other activities intended to reduce competition. In Wall $treet Raider, as in the real world, your company may be sued by competitors for antitrust damages or by the public for price-fixing, and may also be restrained by various government enforcement agencies from taking over competing companies in an industry that your company or companies already dominate. In both the real world and Wall $treet Raider, the main effect of such laws is usually to punish companies that are too successful and well-run and extract money from them -- usually in the form of extortion (political campaign contributions or damage awards)."
ASBESTOS LITIGATION,"The corporate equivalent of having cancer -- financial cancer. If you live in the U.S., and invest in stocks, you are probably aware of major companies that have been bankrupted by endless class-action lawsuits brought by trial lawyers over asbestos exposure, ever since it became clear that asbestos was hazardous to one's health to work with or around; companies such as Johns-Manville and Dresser Industries (a Halliburton subsidiary) are some of the major casualties in recent years. Just a hint of ""asbestos liability exposure"" for a particular company in the news can also be hazardous to your financial health, if you own stock in such a company. Once on the hook, the lawyers begin running advertisements, recruiting victims for whom they can sue the company for damages, a process that, once started, eventually leads to financial dismemberment or death of the company. Wall $treet Raider simulates that experience, so if a company you own stock in develops ""asbestos exposure"" in W$R, it is usually a good idea to sell it, immediately, while you still can, before it is bled dry by the financial vampires."
BACKWARDATION,"A term used in commodity futures trading to describe the very unusual situation where the prices of futures contracts for a commodity are less than the current """" price. The more normal condition, where futures prices are higher than the spot price, is referred to as ""."" Backwardation only occurs, generally, when interest rates are very low, or when the price of a commodity is expected to decline in future months, such as when there is a temporary shortage of the commodity. Backwardation almost never occurs in such non-perishable commodities as gold and silver."
BAD DEBT RESERVE,"For banks, an accounting entry on their books, designed to be a ""reserve"" for anticipated future bad debt losses. The reserve is evaluated each quarter and if it is too low, an amount is added to the reserve and charged as an expense against operating income of the bank. Actual bad debts, when incurred, are thus applied against (reduce) the reserve, rather than being charged directly against income. As a result, bad debt expenses tend to be spread out more evenly, over a period of years, rather than all bunched in the year when the debt is recognized as having gone bad. This generally allows a banker to sleep better at night when a big loan goes bad. Playing games with the reserves is also a favorite hobby of bank management, a wonderful and effective tool for manipulating reported earnings, and therefore the bank's stock price, and therefore the bonuses paid to management."
BALANCE SHEET,"A financial statement that shows a company's (or player's) assets, liabilities, and net worth, with net worth being what is left after subtracting total liabilities from total assets. In Wall Street Raider, the ""Financial Profile"" consists partly of a balance sheet, in addition to other relevant financial information about a player or company."
BANKRUPTCY,"In simple terms, going broke; either because the debtor (a person or a corporation) can't pay debts as they come due, or in some cases because the value of remaining assets is far below the amount owed, even though the debtor may still have considerable amounts of cash."
BEAR MARKET,"A grim, pitiless stock market, where all your stocks are plunging to new depths every day, and where everyone else is losing gobs of money, too. This is different from a BULL MARKET, where all your stocks are plunging to new depths every day, while everyone else, from your barber to the cabbie to the shoeshine boy, is bragging about getting filthy rich in the stock market."
BOND AMORTIZATION,"When a player or company buys a bond at less than its face value (100), say at 95, the buyer must amortize that 5% discount over the remaining life of the bond before it matures, and include that non-cash item in taxable income in each accounting period, while also adding it to the cost of the bonds. That is called bond discount amortization. For example, if you buy XYZ bonds at 95, and hold them long enough to include 1.50 (1.5% of face value) in income as bond discount, your adjusted cost would increase to 96.50, so if you sold the bond for 97, your gain would only be 0.5 (97.00 - 96.50). But if you held the bond until it matured at 100, all 5.00 of the discount would have been reported in income and added to cost by that time, so you would have no gain or loss when the bond pays off."
BOOK VALUE,"Net worth. In the real world, ""book"" value usually refers to the COST of a company's assets, as carried on its books, less the amount of its debts. (Cost doesn't necessarily bear any relationship to what the assets are currently worth.) In Wall Street Raider, most marketable assets (stocks and commodities) are reflected at current market value, so ""book value"" or ""net book value"" in Wall Street Raider more nearly reflects a company's net worth and creditworthiness. Bonds are reflected in a bank or insurance company's book value at their adjusted cost (""tax basis""), which is original cost, plus or minus the amortization of discount or premium. However, if bonds are in default (""D"" credit rating), they are valued at their current market value, if less than adjusted cost."
BUBBLE,"The name given to a rip-roaring bull market in retrospect, after the souffle has collapsed and everyone but the insiders who got out early has been left with nothing more than a stock portfolio that looks like Dresden after the fire bombing. A ""bubble"" is invariably followed by years of plunging stock prices, soaring unemployment, angry recriminations, and endless government hearings and investigations, usually by the same foxes who were supposed to be guarding the hen house while the bubble grew to grotesque proportions."
BUSINESS ASSETS,"In Wall $treet Raider, the operating assets (sometimes referred to as ""capital assets"") of a business; a catchall term to describe plant and equipment, trucks, planes, ships or whatever kind of operating assets a company invests money in to increase the size of its business and its sales -- other than ""working capital,"" such as inventory and accounts receivable. In Wall $treet Raider, $1 of business assets is assumed to generate $1 per year of sales. (""Non-business assets"" in Wall $treet Raider would include working capital, cash, T-bills, bonds, stocks of other companies, derivatives contracts such as options or futures or, in the case of a bank, its loan portfolio. These are all ""intangible"" assets, except to the extent ""working capital"" is assumed to include inventory items.)"
BUYBACK,"A transaction, such as an LBO (""leveraged buy-out"") or a ""Greenmail"" buyback, in which a corporation buys (and cancels) its own stock from certain shareholders, which will tend to increase the per share value of the remaining shareholders' stock, if the company's stock is bought back at a discount to net worth per share."
CDs OR CERTIFICATES OF DEPOSIT,"Interest-earning deposits in a bank. In Wall $treet Raider, Version 8.50 or later, players and companies no longer invest in CDs. Instead, their ""cash"" (bank accounts) consists of bank demand deposits that do no pay interest to the depositor. Players and companies can invest some or all of their cash in a ""cash equivalent"" -- Treasury bills, which earn some interest, usually at a lower rate than bonds or other long-term or less safe investments. The ""CD Rate"" is the rate of interest banks must pay on CD deposits of ""the Public."" Most ""Public"" deposits in the banks, usually about 90%, are in CDs, on which the banks must pay interest, however. Banks with less than an ""A"" credit rating must pay a somewhat higher interest rate than the CD Rate on CD deposits."
CALL OPTION,"An option to buy a stock at a specified price over an agreed period of time. The person who buys a call option is betting that the underlying stock is going to go up. The person who sells, or sells short, a call option is betting that the stock will either go down, go nowhere, or only will go up slightly."
CAPACITY GROWTH,"Growth in ""business assets"" such as plant and equipment. In Wall $treet Raider, as in the real world, an industry's profitability will tend to suffer if industry-wide capacity (supply) grows faster than demand for that industry's product for very long (or will tend to improve if demand grows faster than supply)."
CAPITAL ASSETS,"In W$R, the same as ""business assets."" It is assumed in W$R that each dollar of investment in business/capital assets generates a dollar of sales. Thus, 100 million of business assets that generates 100 million of sales might have a ""return on capital"" of 12 million, or 12%. This is essentially the same as the profit margin on sales, since Wall $treet Raider assumes sales=capital assets. It does not take into account any non-operating expenses (or CEO salaries), such as interest, taxes, gains or losses on disposition of assets, or other types of income such as interest or dividends. """" in Wall $treet Raider bears very little relation to ""return on equity."" See the definition of for more details."
CAPITAL CONTRIBUTION,"Money or assets injected into, or ""contributed"" to a subsidiary corporation by its controlling shareholder. In Wall $treet Raider, the controlling shareholder must own 100% of the subsidiary's stock before he/she/it is allowed to make a contribution of capital to the subsidiary. A capital contribution is used to move money, stock, bonds, or business assets owned by a player or by a parent corporation to a subsidiary when the subsidiary needs the capital for some reason, such as when the subsidiary has a tax loss carryover that will shelter any income it may earn from investing the funds or assets, or when the subsidiary is in a highly profitable industry and needs to expand rapidly."
CHAPTER 11 BANKRUPTCY,"Also sometimes referred to as ""operating bankruptcy,"" where the debtor continues in operation, rather than being dismantled. A less severe form of corporate bankruptcy, Chapter 11 Bankruptcy (or reorganization) is sort of a ""halfway house"" where the wayward corporation gets some relief from its debts, in the hope that it may change its ways and somehow survive (which is usually wishful thinking). In Wall $treet Raider, this means that the stockholders and junk bond holders have to write off part or all of their stock or what the company owes them, and the bank also writes off a (smaller) percentage of what the bankrupt company owed the bank."
COLLECTIVE BARGAINING,"As practiced between governments and government employee unions, collusive bargaining."
CONSOLIDATED TAX RETURNS,"In Wall $treet Raider, as in the real world, a company that owns 80% or more of another company will generally file ""consolidated"" tax returns with the subsidiary company, where the taxable income of the two is combined, and a single tax is paid for both. If one company has taxable income, and the other a loss, corporate law usually provides (and Wall $treet Raider requires) that the company that has taxable income must compensate the ""loss company"" for the taxes saved by utilizing some or all of the ""loss company's"" tax losses. This is all done automatically in Wall $treet Raider. In the real world, doing consolidated tax return reporting is a very complicated and tedious process which keeps large herds of accountants employed at high wages. Wall Street Raider generally follows the U.S. tax rules for consolidated tax returns."
CONTANGO,"In commodity futures trading, contango is the usual situation where futures prices for a commodity are somewhat higher than the """" price, a condition which tends to reflect the time value of money. The much less usual situation, where futures prices are actually lower than the spot price, is referred to as ""."""
CONTROLLED CORPORATION,"In Wall $treet Raider, a corporation that is at least 20% owned by a player (and by companies he or she controls), or by a single corporation, is considered to be under the control of its largest shareholder (and of whomever might also control that shareholder company, if anyone). Thus, if you own 51% of company ABC, you control it. If you also own 10% of company XYZ, and ABC owns another 10%, you may also control company XYZ, unless some other player or corporation owns 20% or more of XYZ."
CONVERTIBLE BONDS,"These are bonds issued by a corporation that are convertible into stock of the corporation. In Wall Street Raider and the real world, conversion only occurs when the company's stock is trading at or above the ""conversion price"" set in the bond indenture. For example, if the conversion price per $1,000 face value bond is set at $40 per share, the bonds will be converted to stock when they mature or are called early, only if the stock is trading above $40 at the time. If the conversion price is $40, it means that each bond is convertible into 25 shares of common stock ($40 x 25 = $1,000). Thus, if the stock is at $50 when the bonds mature, the bondholder would receive 25 shares of stock, worth $1,250, instead of being paid $1,000 cash. On the other hand, if the stock is at $30, 25 shares would only be worth $750, so the company would have to pay the bondholder the $1,000 face value of each bond (in cash) when the bonds mature."
COVERED CALL OPTIONS,"Options that are sold short, but where the seller owns the underlying stock. This is generally a conservative investment technique, since it decreases your risk in owning a stock, because you receive a significant sum (the ""option premium"") from selling the option. Although you have a short position in the options, which could otherwise be risky if the stock went up sharply, you are ""covered"" against that risk, since you own the stock and can simply let the option be exercised, calling away your stock, if you choose not to buy back the option. A ""covered call"" is the opposite of a ""naked call"" -- a call that is sold short when you do not own the underlying stock, which is a high-risk maneuver. In Wall $treet Raider, any corporation, including banks or insurers, may sell covered call options."
CRYPTOCURRENCY,"These are private ""currencies"" such as Bitcoin and Ethereum, which use a complex blockchain ledger technology to maintain records of every transaction done by anyone in such currencies. Such technology enables very low cost and safe transactions, often with anonymity that has made Bitcoin a favorite payment medium for criminals in general, and especially for creators of ""ransomware"" (malware that infects computers and encrypts all the victim's computer files until the victim pays a ransom in Bitcoin to the criminal to decrypt the files and make them usable again)."
CYCLICAL,"As applied to an industry, an up-and-down or boom-and-bust cycle that is typical of the industry, where demand grows very rapidly for a while, and then stops or shrinks for a while. In other words, an industry that is not characterized by steady or predictable growth."
DEBT-TO-EQUITY RATIO,"A decimal amount that shows the ratio of a company's total debts to its net worth. For example, if a company has $1,400 million of assets, less $400 million of debts, its net worth (""equity"") would be the difference, or $1,000 million. Thus, its debt-to-equity ratio would be .40, or 40%, the ratio of its $400 million of debt to its $1,000 million of equity. In general, the higher the ratio, the more ""leveraged"" and risky the company is likely to be, with such a capital structure. A very high debt-to-equity ratio, such as 5-to-1, would indicate that the company is VERY highly leveraged, and that only a modest period of losses could wipe out its thin amount of ""equity"" and perhaps push it into bankruptcy. In W$R, companies can (generally) borrow up to 1 times (100% of) their net worth, under a bank line of credit, though a line of credit may be frozen if the company's bank loan exceeds 25% of the lending bank's total loan portfolio."
DEMAND DEPOSITS,"Non-interest-bearing deposits in a bank, which the bank can lend out at interest or invest. In Wall $treet Raider, banks' demand deposits usually grow at a rate of about 3 to 5% per year, but are affected by various factors, such as the financial health of the bank. The ""cash"" of any player or company in Wall Street Raider is deemed to be a demand deposit at the bank from which that player or company borrows. See """" above."
DIVIDEND,"A distribution of profits by a corporation to its shareholders, usually in the form of cash. In Wall $treet Raider, dividends are always in cash, except for distributions which occur in the nontaxable liquidation of a subsidiary into its parent corporation or when a company does a """" of some or all of the stock of a subsidiary corporation to the parent company's shareholders."
DIVIDEND PAYOUT RATIO,"The percentage of a company's annual reported earnings that is paid out to shareholders as regular dividends. State or national laws usually prohibit a company from paying out dividends when net worth is negative, although an exception is generally made for dividends paid out of current earnings, where the company is currently profitable (""springing dividends""). In Wall $treet Raider, a company is not allowed to pay out dividends when it has a ""D"" credit rating (meaning it has filed for bankruptcy protection)."
DIVIDEND YIELD,"The rate of return on investment in a stock, based on the dividends it pays, expressed as a percent of the current value of the stock. For example, if a stock sells for $100 a share and pays an annual dividend at the rate of $6 per share, the dividend yield would be 6% (6/100)."
EBITDA,"An acronym, meaning ""earnings before interest, taxes, depreciation, and amortization,"" which some investment analysts like to look to in valuing a stock, rather than simply looking at net income. EBITDA can provide investors a better view of short-term operational efficiency than the net income figure, since it excludes extraneous factors such as the cost of financing (interest expense), which will largely depend on how much has been borrowed, rather than operational efficiency. Similarly, taxes may depend on factors such as the geographic locations where the business is conducted, and non-cash expenses such as depreciation or amortization are simply accounting adjustments that reflect previous historical transactions that are being written off, rather than current operating expenses."
EPS,"An abbreviation for ""earnings per share."" If a company in Wall $treet Raider has 100 million shares of stock outstanding, and it earns $4.00 per share, that means it earned a total of $400 million. A company's EPS is usually a major determinant of its stock price, in the real world as well as in Wall $treet Raider."
EQUITY METHOD OF ACCOUNTING,"A recognized method for corporations to account for their investment in subsidiary corporations, usually subsidiaries in which they own at least 20% of the stock, but not enough stock to ""consolidate"" the subsidiary's finances with the parent company's in full. However, the parent is allowed to include its percentage share of the subsidiary's earnings (or losses) in the parent's reported earnings. Wall $treet Raider adopts this latter rule for any company that owns 20% or more of another company (even if it does not control the other company). Where earnings or losses from stock holdings in another company are reported on the equity method, dividends received from the other company are not treated as income to the recipient in earnings reports, although the parent company receiving the dividends must include 35% (as under U.S. tax law) of the dividends received in its taxable income and pay tax on that amount."
ETF (EXCHANGE-TRADED FUND),"An investment company that invests in a diversified portfolio of stocks or, in some cases, other assets, such as options or commodities. In Wall $treet Raider, there are 15 ""sector"" ETF's, each of which invests in certain industry sectors, such as technology, energy, retail, consumer goods companies, natural resources, transport, etc. Future releases after v. 8.72 will include 5 more ETFs (3 bond funds and two triple-leveraged stock index funds)."
EXCESS LOSS ACCOUNT,"A negative ""tax basis"" for the stock one company owns in an 80% (or greater) owned subsidiary corporation. This situation can arise, in rare situations only, due to adjustments from consolidated tax return filing by a parent company and its 80% (or greater) owned subsidiary. If the parent company sells some of a stock that has an excess loss account (negative tax basis), but still owns at least 80%, its gain on the sale will be the sale price plus a proportionate part of the excess loss account. For example, if the excess loss account or negative tax basis is -90 million, and the parent owns 90% of the sub's stock and sells 10% for 300 million, the taxable gain will be 300 million plus 1/9 of 90 million, or 10 million, a total gain of 310 million."
FDIC,"Abbreviation for ""Federal Deposit Insurance Corporation,"" the U.S. federal agency that insures bank deposits, in case a bank goes broke. In Wall $treet Raider, the FDIC may force a bank to cut or eliminate dividend payments if in financial trouble. Or, as in the real world, if a bank gets in too deep a financial pit, the FDIC may pull the plug by taking over the bank, canceling the stock held by former stockholders and reviving the bank, under new ownership, often after an injection of new capital to restore the bank to solvency. While small depositors usually don't lose any of their deposits, large depositors often lose some percentage of their deposits at the bank that are in excess of the amount the FDIC insures."
FTC,"Abbreviation for the U.S. ""Federal Trade Commission,"" the federal agency that acts as a watchdog (more often as a sleeping lapdog) to prevent consumer fraud and other unfair trade practices. It also may occasionally wake up long enough to block mergers and takeover attempts that it feels could tend to reduce competition in the marketplace, or just to create the appearance that it is actually doing something, rather than just sleeping on the job. In Wall $treet Raider, various U.S. or foreign government agencies may also intervene to block planned mergers, liquidations, or LBO/Greenmail transactions."
FEDERAL FUNDS,"Funds banks borrow from each other to meet certain Federal Reserve (or other Central Bank) requirements, usually on a very temporary basis. In Wall $treet Raider, this term refers to money that banks borrow from each other or elsewhere when they run short of funds and have no more bonds to sell off. ""Federal Funds"" or ""interbank borrowings"" are quickly paid off in Wall $treet Raider when a borrowing bank obtains the money to do so."
FEDERAL RESERVE BANK,"The U.S.'s central bank, whose job it is to print money -- endlessly -- when the U.S. Treasury can't borrow enough money to pay its bills. The Federal Reserve is a government-licensed counterfeiting operation, as well as America's largest printer of bad paper."
FRAUD,"The chief industry on Wall Street, Fleet Street, Bay Street, and other major bourses/gambling dens around the world, responsible for creating thousands of extremely lucrative jobs, all of them funded by sucking up the life savings of millions of the ""little people"" -- those unfortunate souls who actually work for a living -- and redistributing the booty to the rich and well-connected. For performing this necessary service to society (separating the weak and the stupid from their loot on a mass scale), the most successful cads, cons, liars, frauds, poltroons and mountebanks are frequently awarded honorary doctorates at places like Harvard and Oxford."
GDP,"Abbreviation for ""Gross Domestic Product."" See definition of ""GROSS DOMESTIC PRODUCT"" below. (Formerly GNP, Gross National Product)"
GOLDEN PARACHUTE,"Large sums of money and benefits paid to departing executives of large companies, typically paid to reward them for running their company into the ground, or for thoroughly looting it. Managers who pillage their companies for over $100 million rarely go to prison; more often, they are given honorary doctorates at prestigious universities, for being generous enough to share a small percentage of their ill-gotten loot with some grant-hungry institution, as ""conscience money"" or ""virtue-signaling donations."""
GOODWILL,"In accounting terminology, ""goodwill"" is an intangible asset to which part of the purchase price of a business, or part of a business, may be allocated. In theory, ""goodwill"" reflects the superior earning power of the acquired business assets. For example, if you were to acquire a profitable service business for $100,000, which had no ""real"" assets other than a few dollars worth of office supplies and few beat-up pieces of furniture, most of your purchase price would have to be allocated to goodwill (assuming the paper clips and a few old desks aren't worth very much)."
GREENMAIL,"A practice made popular in recent years by certain corporate raiders who take a large position in a target company's stock. Management of the target company, fearful of a takeover that would cause them to lose their jobs, stock options, chauffeured limousines, palatial homes, ski chalets, Learjets, high-maintenance mistresses, and other God-given birthrights, quite consistently find it to be in the company's best interest to buy back the raider's stock holdings for a price well above current market prices, in exchange for a promise by the raider to go away and pick on some other company. The money extracted from the target company is frequently referred to as ""greenmail,"" perhaps due to the uncanny resemblance of such a payment to its only slightly less savory cousin, blackmail."
GROSS DOMESTIC PRODUCT,"An economic statistic that represents the estimated value of all goods and services produced in a country in a year, which is a measure of an economy's overall size and its level of activity."
HOLDING/TRADING COMPANY,"A corporation that does not actively engage in business itself, but instead holds the stocks of one or more operating subsidiaries. In Wall $treet Raider, any company, other than a bank or insurance company, that no longer has any ""business assets,"" is classified as a ""holding/trading company."" In Wall $treet Raider, once a company has become a holding company, it can enter into any industry you choose for it, other than banking, insurance, or exchange-traded funds (ETF's), by using the ""Buy Corporate Assets"" command button on the Buy/Sell Menu to acquire business assets from an existing company in that industry or acquire new business assets. Another way such a company can acquire business assets and enter an industry is if it is a 100%-owned subsidiary of another company that drops down some of its business assets to the subsidiary as a capital contribution, using the ""Capital Contribution"" button on the Finance Menu to do so."
INDEX FUND,"An investment fund, such as an ETF, designed to track the movements of a stock index. Some index funds, such as those in this simulation, are leveraged by buying or shorting large amounts of index futures, in order to multiply the effects of movements of the actual index by some multiple, usually 2 or 3 times the movement of the underlying index. In this simulation, as in the real investment world, leveraged index funds are useful as high-powered short-term trading vehicles, but are generally abysmal as long-term investments, due to their incessant trading of futures, resulting in commissions and other trading costs that rapidly deplete the assets of such funds, in normal circumstances."
INSURANCE IN FORCE,"A technical term used in the insurance industry to describe the amount of insurance a company has written, and which is still in force. In Wall $treet Raider, it is used more loosely, and is deemed to be proportional to the insurance company's ""policy reserves."" See definition of """" below."
INTRINSIC VALUE OF OPTIONS,"This refers to the value of a put or call option other than its ""time value,"" such as at the date the option is expiring. A call option's intrinsic value is the excess of the underlying stock's price over the exercise (""strike"") price of the option. For example, if the stock price is $60 and the strike price is $50, the intrinsic value of the call option is $10. However, if the stock price is $50 or less, the intrinsic value is zero."
JUNK BONDS,"In Street language, high-yielding, high-risk bonds issued by companies of dubious credit worthiness, often for the purpose of taking over another company or for a ""leveraged buy out"" in which the company buys back most of its own stock, allowing holders of a few shares (usually management) to become the only remaining shareholders."
LBO OR LEVERAGED BUY OUT,"A transaction in which one or a few people buy a small part of the stock of a company and then have the company borrow enough money to buy out all of the other shareholders, so that the buyers obtain most or all of the stock of the company with little or no investment on their part. In some cases, they may even extract dividends from the company afterwards, in order to quickly recoup part or all of their investment (or more). In Wall $treet Raider, a player (or a company controlled by the player) can sometimes do an LBO by buying minimal control of a target company (say 20%), and then having the company borrow or issue junk bonds to finance a buyback of the other 80% of its stock (using the ""LBO"" or ""GreenMail"" commands button in the ""Buy / Sell"" transactions menu), leaving the acquiring player or company with 100% ownership of a highly leveraged corporation."
SOFR RATE,"The name given to a benchmark interest rate, usually quite low, which is the rate banks charge each other for overnight loans. SOFR is an acronym, which stands for ""Secured Overnight Financing Rate."" In the real world, various interest rates on loan instruments are based on the SOFR rate. In Wall $treet Raider, it is used only as the rate at which banks pay interest on interbank loans, and is loosely related to the Prime Rate and the rate paid on CDs. Banks with less-than-Sterling credit ratings in Wall $treet Raider may pay somewhat more than the SOFR rate on their interbank borrowings. (In 2023 or later versions of Wall $treet Raider, the SOFR rate has replaced the LIBOR (""London Interbank Offered Rate"") rate, which is no longer in use in the real world."
LIMIT ORDER,"An order a customer places with a broker to buy or sell a security, in which the customer specifies the price he or she is willing to accept. A limit order does not always get executed, if the stock price moves away from you. It stands in contrast to a ""market order,"" in which you indicate you will take whatever price the stock specialist is willing to give you, like a common beggar. In short, a limit order is often a safer way of trading stocks or other securities, while regularly doing market orders is a good way to become a homeless beggar. See below."
LINE OF CREDIT,"An amount a lender, such as a bank, agrees in advance to lend to a customer, if the customer wishes to borrow it. In Wall $treet Raider, each player and company normally has a line of credit allowing him or it to borrow up to a maximum of 1 times net worth. To have a line of credit, you must demonstrate to your financial institution that, basically, you don't need to borrow. Bankers are, in short, the type of people, as Alan Abelson once put it, who will only lend you an umbrella on a sunny day."
LIQUIDATION,"A corporate transaction in which a parent corporation, in effect, merges a wholly-owned subsidiary corporation into itself, so that all of the assets, debts, etc. of the subsidiary become property or debts of the parent, and the subsidiary corporation ceases to have any further activity, and ceases to exist. In Wall $treet Raider, as in the real world, such liquidations of wholly-owned subsidiaries are usually non-taxable events. However, it is also possible to do taxable liquidations, where the corporation turns all of its assets into cash, pays off its debts and any taxes it owes, and distributes the cash to shareholders before it ceases to exist, with the shareholders recording a gain or loss, as though they had sold their stock for the cash they receive in the liquidation."
LOAN PORTFOLIO,"The loans made by a bank, on which it hopes to earn interest. The value of a bank's loan portfolio is offset by a reserve for potential bad debts. See definition of """" above. In Wall $treet Raider, banks invest some of their funds in consumer and mortgage loans, as well as making business loans to players and corporations. Consumer loans and ""subprime"" mortgage loans are made at high interest rates, but the banks have frequent large charge offs for bad such loans, particularly during recessions. ""Prime"" mortgage loans, on the other hand, earn much lower rates, but have far fewer bad debt charge-offs."
MARKET ORDER,"An order a customer places with a broker to buy or sell a security ""at the market"" -- an often suicidal financial strategy or an invitation to be financially raped. See below and above."
MARKET SHARE,"A company's percentage share of total sales in a particular industry. In Wall $treet Raider, this is the same as the company's share of ""business assets"" in that industry. In general, the larger a company's market share percentage, the more profitable the company tends to be, compared to other companies in the industry. Thus, it is a good strategy to merge two or more companies you own (and liquidate one into the other), if they are in the same industry, so that they become one large company, with a larger market share than either had alone, which will usually improve profitability, due to economies of scale. During the great ""dot-com bubble"" at the end of the 20th century, it became the conventional wisdom that ""market share"" was more important than profitability, leading many companies to expand wildly, floating huge amounts of stock and junk bonds to finance their rapid expansion. (Most of them are now bankrupt, or ""penny stocks,"" at best.) Over-expansion works the same way in Wall $treet Raider."
MERGER,"In the real corporate financial world, the term usually refers to a transaction where the assets and liabilities of two companies are legally brought together in a single ""surviving"" corporation. It also is often used to describe stock-for-stock swaps between a company and the shareholders of a target company, where the target company ends up as a wholly-owned subsidiary of the acquiring company. A ""merger"" in Wall $treet Raider (using the ""${helpLink('chap06_VI(B)(6)', 'Merger')}"" command button in the ""Buy / Sell"" transactions menu) is of the latter variety."
NOTIONAL VALUE,"The face value or agreed total contract value for a derivative contract, such as a commodity futures contract. For example, a contract to buy 10,000 barrels of oil at $51 per barrel at an agreed future date would have a notional value of $510,000. In the interim, before the delivery date, the contract would usually trade at a market price above or below its notional value and at settlement (before or on the expiration date) in W$R the difference between market value and notional value is a gain or loss to the contracting player or company, when the contract is closed out on the commodities exchange."
P/E RATIO,"Wall Street jargon for ""price/earnings ratio,"" or the multiple of earnings per share that a stock sells for. For example, a $100 stock of a company earning $5 per share would be said to have a P/E ratio (or earnings multiple) of 20; that is, the stock sells for 20 times its earnings per share. Stocks of rapidly growing companies often sell at high P/E ratios, because the stock market is ""anticipating"" much higher earnings in the future. Stocks of all companies tend to sell at lower P/E ratios when interest rates are at high levels (and vice versa). During major bull markets (""bubbles""), investors are always told by the experts that earnings, and therefore P/E ratios (even if ridiculously high), are no longer important and thus can be ignored."
POLICY RESERVES,"Accounting reserves insurance companies are required to set up on their books when they sell an insurance policy. Policy reserves are, in effect, estimates of how much money the insurer needs to set aside to pay future insurance claims. They might also be considered as a kind of ""loan"" (without interest) from the insurance company's customers. Most insurance companies make most or all of their profits from investing these reserves for the period between the time they collect a premium and when they eventually have to pay a claim. For example, in a given year, an insurer might take in $100 in premiums and pay out $103 in claims and expenses, so that it would have an underwriting loss of $3, but might earn $10 interest on the ""float"" during the year, resulting in an overall profit for that year. In Wall $treet Raider, an insurer's policy reserves are assumed to grow at the same rate as its "","" defined above."
PRODUCTIVITY EXPENDITURES,"In Wall $treet Raider, money a company spends each year on either R & D (Research & Development), or on marketing/advertising, to try to improve its profitability. The higher the percentage of sales or revenues a company spends, the better its chances of improving long-term profitability, but the high costs or R & D or marketing/advertising will penalize the company's earnings in the short-term. It is a form of short-term pain, for (hoped-for) long-term gain."
PUBLIC OFFERING,"An issuance of securities for sale to the public, usually (but not always) by the issuing company. In Wall $treet Raider, a Public Offering is a sale of new stock by a corporation to the Public for cash, to raise new capital for the corporation. (By contrast, a ""private offering"" is a sale of stock to only one or a few investors--see "","" described in this Glossary, regarding a private stock offering in Wall $treet Raider.)"
PUT OPTION,"An option to sell a stock at a specified price over an agreed period of time. The person who buys a put option is betting that the underlying stock is going to go down. A lot. The person who sells, or sells short, a put option is betting that the stock will either go up, go nowhere, or only will go down slightly. In Wall $treet Raider, corporations may trade put options, but banks and insurance companies may only use puts to hedge stocks they own."
QUANTITATIVE EASING,"A very ""loose"" monetary policy, one employed by central banks in order to prop up the prices of investment assets such as stocks and bonds, by forcing interest rates down to very low levels. In recent years, ""Q.E."" has been a favorite tool of the Federal Reserve, the European Central Bank, and the Bank of Japan, supposedly used for the purpose of stimulating their respective economies, but with no notable results other than economic stagnation and growing unemployment, and creation of temporary ""bubbles"" in various sectors of the financial markets."
R & D (RESEARCH AND DEVELOPMENT),"R & D expenditures are funds spent to create new products or production processes or to improve existing ones. Since R & D expenses usually penalize current earnings, even though they may greatly increase long run profits, managements are often tempted to cut out R & D spending in the short term to make earnings look better. In Wall $treet Raider, companies in certain industries are faced with this same choice between short-term vs. long-term profitability, in deciding how much money to spend on R & D. Besides lowering current earnings, a company runs the risk that money spent on R & D projects will not even pay off in the long run or may not pay off soon enough to avert bankruptcy."
RESTRUCTURING,"Selling the family jewels; throwing out the baby with the bath water. Also, in financial parlance, ""downsizing"" a company by selling off assets, jettisoning employees by the thousands, looting the company pension plan, and using other time-honored scorched-earth tactics to improve the bottom-line profitability of the company, if it ultimately survives the bloodletting. As Conan the Barbarian once said, ""Zat vich doesn't kill you makes you shtronger..."""
RETURN ON CAPITAL ASSETS,"In Wall $treet Raider, this terminology has a very specific meaning -- the amount of profit generated each year by a given amount of ""business assets"" (which we sometimes refer to as ""capital assets"" in the simulation). Accordingly, if a company has $100 million of business/capital assets earning a 12% return on capital, that means it is earning $12 million for the year. Since earnings are computed quarterly and vary from quarter to quarter, a $3 million profit in one quarter would be reported as an annualized 12% ""return on capital assets."""
RETURN ON EQUITY,"A way of calculating a company's level of profitability; a percentage figure determined by dividing its net income by its net worth. Returns on equity are typically in the 10 to 15% range for many global corporations. Returns of over 20% are considered to be unusually good, and tend to attract (unwanted) new competitors, much as honey tends to attract flies. In Wall $treet Raider, returns on equity tend to be very much in the same range as in the real world, and a highly profitable industry will tend to attract new entrants."
SEC,"Abbreviation for ""Securities and Exchange Commission,"" the federal agency charged with acting as a watchdog over investment markets in the USA, which usually behaves more like a lap dog. Its main job seems to be to get caught napping each time a major investment fraud is perpetrated against millions of investors. All publicly-traded companies are required to regularly file financial reports with the SEC, which from time to time takes legal action to prevent the boiler-room types from fleecing the public investors too flagrantly. However, in most cases its role is to come in after the disaster has occurred and shoot the wounded."
SHORT SALE,"Selling a stock (or other investment vehicle) that you do not own, by borrowing the stock from a person who owns it and selling it now, with the hopes of buying the stock back later at a lower price, returning the shares to the owner, and making a profit on the decline in the price of the stock. Of course, if the stock goes up, and you have to buy it back, you will lose money on the transaction. As the old saying on Wall Street goes, ""He who sells what isn't his'n, must buy it back, or go to prison."""
SPIN-OFF,"A transaction, usually done tax-free, where a parent corporation distributes the stock of a subsidiary to the parent corporation's shareholders. See the description of the ${helpLink('chap07_VII(B)(10)', 'Spin-off Subsidiary')} command button on the Menu, which is used to do a spin-off, tax-free or otherwise. A spin-off is usually done when the subsidiary is generating large losses that, when combined with the parent's results, are making the reported earnings of the parent look bad, so the parent spins off the stock to its shareholders and lets THEM worry about it. It is one of the many ways corporate managers manipulate earnings to make them look better (and hide their own incompetence, by burying the bodies where no one can find them)."
SPOT PRICE,"In commodity futures trading, the spot price is the price of the commodity for immediate delivery, as opposed to the futures prices for future delivery. In W$R, the spot prices of commodities are the prices displayed on the main screen. For cryptocurrencies, the current spot price is shown on the General Research Menu or on the screen that pops up when you click on the ${helpLink('chap06_VI(B)(18)', 'Trade Cryptocurrencies')} button on the BUY / SELL menu."
STRADDLE OPTION,"A combination of a (to buy a stock at a specified price) and a (to sell the stock at that same specified price). The person who buys a straddle option is betting that the underlying stock is going to fluctuate greatly from the current stock price, by the time the put and the call expire, and that either the put or the call option will be worth more at that time than was paid for the two options. The person who sells, or sells short, a straddle option is betting that the stock will NOT fluctuate greatly by the time the put and call expire."
STRIKE PRICE (OR STRIKING PRICE),"The price at which a put option or call option is exercisable. Sometimes also called the ""exercise price."" This is the price you pay for a stock if you exercise a call option, or the price you receive if you exercise a put option."
TAKEOVER,"The act of taking ""control"" of a corporation, by acquiring enough of its voting stock to elect a majority of the board of directors, thus allowing the person doing the takeover to direct the actions of the corporation. In Wall $treet Raider, a takeover may be effected through a cash tender offer for stock held by the Public, using the ""${helpLink('chap06_VI(B)(1)', 'Buy Stock')}"" command button in the ""Buy / Sell"" transactions menu, or by a stock-for-stock merger, using the ""${helpLink('chap06_VI(B)(6)', 'Merger')}"" command button. (On Wall Street, a takeover is that step which often immediately precedes the looting of a once-healthy corporation.)"
TAX AUDIT,"A financial proctoscopic exam, performed by malevolent and sadistic civil servants in a medieval setting, without benefit of anesthesia."
TAX BASIS,"The cost, or price paid for an asset, used to determine whether there is a gain or loss when it is sold or exchanged, or becomes worthless. In Wall $treet Raider, the program keeps track of the tax basis of all stocks and bonds owned by players or corporations, in order to determine gain or loss when the stock or bond is sold or becomes worthless. Note that in Wall $treet Raider, any amount paid in excess of par (over face value) for a bond is amortized as a non-cash expense each quarter over the remaining life of the bond, and gradually reduces the tax basis of the bond, until it is equal to face value (par) at the time the bond matures (unless it is a convertible bond)."
TAX LOSS CARRYOVER,"If a corporation has more losses than income during a year, it will usually pay no taxes, and the net loss becomes a ""tax loss carryover"" that can be used to offset taxable income in another year. In the real world, until 2018 (in the U.S., at least), a corporation could carry back a tax loss to either of the two preceding years, or carry it forward to any of the 20 following years, until it is ""used up."" In Wall $treet Raider, a corporation is only allowed to carry a tax loss forward, not backward in time. While in the real world, tax loss carryovers expired after 20 years, in Wall $treet Raider, the losses don't expire, but prior to Version 8.10, the unused loss from prior years was reduced by 10% at the end of each year. However, the U.S. tax law, on which W$R is loosely based, changed in 2018 to only allow losses to be carried forward, but indefinitely, with no expiration. Accordingly, we changed the W$R tax rule on carryovers to conform to the new U.S. tax law."
TENDER OFFER,"An offer by a person or company to acquire part or all of the stock of a company, usually made at an attractive price (considerably above the current market price of the stock). A ""tender offer"" is usually made as part of a takeover attempt (see ""TAKEOVER"" above), and the offer is usually only effective if a certain minimum number of shares are ""tendered"" for sale. In Wall $treet Raider, a ""Tender Offer"" is made at a price well above the existing stock price, and the offer is only effective if the buyer is able to acquire the percentage of stock specified. A ""tender offer"" is required if you will own or control over 5% of the target company's stock after the purchase."
TICKER TAPE,"In a broker's office, the moving electronic display of stock prices which shows the price of each trade of a stock (and the number of shares or ""lots"" traded) that occurs on a stock exchange. Stock prices are usually quoted in dollars per share and decimal amounts. (In times past, the quotes were printed mechanically on a narrow paper tape by a ""ticker tape"" machine--hence the name.)"
TIME VALUE OF OPTIONS,"The part of the price of a put or call option over and above the option's ""intrinsic value."" For example, if you buy an option exercisable at $30 a share on XYZ Corporation, when the stock is trading at $32, the intrinsic value of the option (also called the amount it is ""in the money"") is $2 a share. If you paid $5 a share for the option, $2 of the price is for the intrinsic value, and the other $3 is the time value. If the stock is still at $32 when the call expires, the option will only be worth its intrinsic value of $2, and the $3 of time value will have completely wasted away. See the definition of INTRINSIC VALUE OF OPTIONS above."
UNDERWRITING RATIO,"For an insurance company, the ratio of underwriting losses to net premium income. For example, if an insurer receives $1,000 million in insurance premium income but pays out $1,030 million to policyholders, its underwriting (loss) ratio would be 103%. It would need to make enough profit on the invested premiums (interest, dividends, capital gains) to cover that underwriting loss and overhead expenses, in order to show an overall profit. If it only had to pay out $980 million in claims, then it would have a 98% underwriting ratio, meaning that it is actually making a profit on the insurance business. Most of an insurance company's profits, however, come from successfully investing the ""float"" -- which is the money it takes in today as premiums, which can be invested until such time as it has to pay a claim to the policyholder."
WHITE KNIGHT,"A friendly or neutral company (often quite large) that purchases a substantial percentage of the stock of a company at the request of that company's management, in order to keep the shares out of the hands of a potential corporate raider who might attempt an unfriendly takeover of the company. In Wall $treet Raider, the ""${helpLink('chap07_VII(B)(4)', 'Private Stock Offering')}"" command button (on the ""Financing Transactions"" Menu) can be used to implement the ""White Knight Defense,"" enabling a company to raise money by selling a substantial block of new stock to a ""neutral"" company. The funds raised can then be used to ""buy in"" (""${helpLink('chap06_VI(B)(8)', 'LBO')}"" command button) publicly-owned shares, if desired, in order to make it even more difficult or impossible for an opponent to buy up enough stock of the company to take control away from you. In the real financial world, having a White Knight is an important form of job security for overpaid and poorly performing corporate executives."
WORKING CAPITAL,"Money that a company has tied up in non-productive assets such as inventory or accounts receivable, as a necessary part of its business. In Wall $treet Raider, the more ""business assets"" a company has, the larger the amount of cash it must invest in ""working capital,"" which, unlike cash that can be invested in T-bills or elsewhere, does not generate any investment income. If ""business assets"" are reduced, part of the working capital will be freed-up and turned back into freely spendable cash. The more efficient and well-managed the company, in general, the smaller the percentage of business assets (as little as 5%) that must be committed to working capital; or for the worst-managed companies, as much as 20% of business assets must be tied up in working capital. The average is about 12%."
YIELD,"The percentage rate of return on an investment, such as the interest yield on a bond or certificate of deposit, or the dividend yield on a stock. Yield is a percentage calculated by dividing the annual income from the investment by the value or cost of the investment. For example, a $100 stock that pays $6.00 per share in annual dividends would be said to have a ""dividend yield"" of 6% ($6 dividend / $100 stock price)."
YIELD TO MATURITY,"On a bond investment, the percentage rate of return on the investment, if the bond is held until it is paid off at its maturity date. While the ""current yield"" is merely the annual interest payment divided by the price of the bond, the Yield to Maturity involves a number of complex present value calculations, which take into account the fact that the price of the bond at present is either higher or lower than the face amount that will be paid at maturity. Thus, a 7% bond trading at face value (100) has a current yield of 7%, and also a Yield to Maturity of 7%. But if it matures in one year, and trades at 97, you will earn another 3%, approximately, when it pays off at 100, so the current yield on such a bond would be 7.22% (7 divided by 97) and the effective ""Yield to Maturity"" would be 10.23%, assuming semiannual interest payments."
