Line,Tagged
CREDIT       LOAN          OFFER     SELLER,[CREDIT(!CREDIT RATING)]       [LOAN(!LOAN AMOUNT)]          [OFFER(!OFFER PRICE)]     [SELLER(!SELLER BANK)]
BORROWER'S NAME           RATING      AMOUNT         PRICE      BANK,[BORROWER'S NAME(!BORROWER'S NAME)]           [RATING(!CREDIT RATING)]      [AMOUNT(!LOAN AMOUNT)]         [PRICE(!OFFER PRICE)]      [BANK(!SELLER BANK)]
CURRENT     LONG-TERM    PROJECTED    INDUSTRY,[CURRENT(!CURRENT DEMAND GROWTH RATE)]     [LONG-TERM(!LONG-TERM PROJECTED GROWTH RATE)]    [PROJECTED(!PROJECTED RETURN ON CAP. ASSETS)]    [INDUSTRY(!INDUSTRY PROFIT TREND)]
DEMAND     PROJECTED    RETURN ON     PROFIT,[DEMAND(!CURRENT DEMAND GROWTH RATE)]     [PROJECTED(!LONG-TERM PROJECTED GROWTH RATE)]    [RETURN ON(!PROJECTED RETURN ON CAP. ASSETS)]     [PROFIT(!INDUSTRY PROFIT TREND)]
INDUSTRY GROUP:        GROWTH RATE  GROWTH RATE  CAP. ASSETS    TREND,[INDUSTRY GROUP:(!INDUSTRY GROUP)]        [GROWTH RATE(!CURRENT DEMAND GROWTH RATE)]  [GROWTH RATE(!LONG-TERM PROJECTED GROWTH RATE)]  [CAP. ASSETS(!PROJECTED RETURN ON CAP. ASSETS)]    [TREND(!INDUSTRY PROFIT TREND)]
CREDIT  MARKET   CONTROLLED,[CREDIT(!CREDIT RATING)]  [MARKET(!MARKET SHARE)]   [CONTROLLED(!CONTROLLED BY)]
COMPANY                   INDUSTRY GROUP      RATING  SHARE        BY,[COMPANY(!COMPANY)]                   [INDUSTRY GROUP(!INDUSTRY GROUP)]      [RATING(!CREDIT RATING)]  [SHARE(!MARKET SHARE)]        [BY(!CONTROLLED BY)]
TAX LOSS        CREDIT,[TAX LOSS(!TAX LOSS CARRYOVER)]        [CREDIT(!CREDIT RATING)]
COMPANY                      CARRYOVER       RATING      MARKET CAP,[COMPANY(!COMPANY)]                      [CARRYOVER(!TAX LOSS CARRYOVER)]       [RATING(!CREDIT RATING)]      [MARKET CAP(!MARKET CAP)]
CREDIT    CONTROLLED,[CREDIT(!CREDIT RATING)]    [CONTROLLED(!CONTROLLED BY)]
COMPANY                      MARKET CAP        RATING         BY,[COMPANY(!COMPANY)]                      [MARKET CAP(!MARKET CAP)]        [RATING(!CREDIT RATING)]         [BY(!CONTROLLED BY)]
TOTAL OF CASH    CREDIT,[TOTAL OF CASH(!TOTAL OF CASH AND TREASURY BILLS)]    [CREDIT(!CREDIT RATING)]
COMPANY                  AND TREASURY BILLS  RATING      MARKET CAP,[COMPANY(!COMPANY)]                  [AND TREASURY BILLS(!TOTAL OF CASH AND TREASURY BILLS)]  [RATING(!CREDIT RATING)]      [MARKET CAP(!MARKET CAP)]
NAME OF LONG PARTY      SHORT    BEGIN  END     TYPE              NOTIONAL,[NAME OF LONG PARTY(!NAME OF LONG PARTY)]      [SHORT(!SHORT PARTY (SYMBOL))]    [BEGIN(!BEGIN DATE YR. QTR)]  [END(!END DATE YR. QTR)]     [TYPE(!TYPE OF INT. FIXED RATE)]              [NOTIONAL(!NOTIONAL PRINCIPAL AMOUNT (MIL.))]
"(RECEIVES FIXED RATE,    PARTY    DATE   DATE   OF INT. FIXED    PRINCIPAL","[(RECEIVES FIXED RATE,(!NAME OF LONG PARTY)]    [PARTY(!SHORT PARTY (SYMBOL))]    [DATE(!BEGIN DATE YR. QTR)]   [DATE(!END DATE YR. QTR)]   [OF INT. FIXED(!TYPE OF INT. FIXED RATE)]    [PRINCIPAL(!NOTIONAL PRINCIPAL AMOUNT (MIL.))]"
PAYS VARIABLE RATE)    (SYMBOL) YR. QTR YR. QTR   RATE      RATE  AMOUNT (MIL.),[PAYS VARIABLE RATE)(!NAME OF LONG PARTY)]    [(SYMBOL)(!SHORT PARTY (SYMBOL))] [YR. QTR(!BEGIN DATE YR. QTR)] [YR. QTR(!END DATE YR. QTR)]   [RATE(!TYPE OF INT. FIXED RATE)]      [RATE(!TYPE OF INT. FIXED RATE)]  [AMOUNT (MIL.)(!NOTIONAL PRINCIPAL AMOUNT (MIL.))]
NAME OF ENTITY WITH LONG   TYPE OF  LONG/,[NAME OF ENTITY WITH LONG(!NAME OF ENTITY WITH LONG OR SHORT OPTIONS POSITIONS)]   [TYPE OF(!TYPE OF OPTION)]  [LONG/(!LONG/SHORT)]
OR SHORT OPTIONS POSITIONS  OPTION   SHORT   OPTION IS ON STOCK OF:     PCT%,[OR SHORT OPTIONS POSITIONS(!NAME OF ENTITY WITH LONG OR SHORT OPTIONS POSITIONS)]  [OPTION(!TYPE OF OPTION)]   [SHORT(!LONG/SHORT)]   [OPTION IS ON STOCK OF:(!OPTION IS ON STOCK OF:)]     [PCT%(!PCT%)]
PERCENT  ANALYST'S,[PERCENT(!PERCENT OWNED)]  [ANALYST'S(!ANALYST'S RATING)]
NAME OF PARENT COMPANY          STOCK OWNED           OWNED    RATING,[NAME OF PARENT COMPANY(!NAME OF PARENT COMPANY)]          [STOCK OWNED(!STOCK OWNED)]           [OWNED(!PERCENT OWNED)]    [RATING(!ANALYST'S RATING)]
NAME OF FUND               NAME OF COMPANY       (% OF ASSETS)   (IN MILLIONS),[NAME OF FUND(!NAME OF FUND)]               [NAME OF COMPANY(!NAME OF COMPANY)]       [(% OF ASSETS)(!ANNUAL FEE (% OF ASSETS))]   [(IN MILLIONS)(!TOTAL ASSETS (IN MILLIONS))]
INVESTMENT ADVISER:      ANNUAL FEE     TOTAL ASSETS,[INVESTMENT ADVISER:(!INVESTMENT ADVISER:)]      [ANNUAL FEE(!ANNUAL FEE (% OF ASSETS))]     [TOTAL ASSETS(!TOTAL ASSETS (IN MILLIONS))]
NAME OF COMPANY OFFERING         OF ASSETS   DATE OFFER  COMPANY'S INDUSTRY GROUP,[NAME OF COMPANY OFFERING(!NAME OF COMPANY OFFERING BUSINESS ASSETS FOR SALE)]         [OF ASSETS(!OF ASSETS FOR SALE)]   [DATE OFFER(!DATE OFFER EXPIRES)]  [COMPANY'S INDUSTRY GROUP(!COMPANY'S INDUSTRY GROUP (SORTED ALPHABETICALLY))]
BUSINESS ASSETS FOR SALE SYM. FOR SALE     EXPIRES    (SORTED ALPHABETICALLY),[BUSINESS ASSETS FOR SALE(!NAME OF COMPANY OFFERING BUSINESS ASSETS FOR SALE)] [SYM.(!SYM.)] [FOR SALE(!OF ASSETS FOR SALE)]     [EXPIRES(!DATE OFFER EXPIRES)]    [(SORTED ALPHABETICALLY)(!COMPANY'S INDUSTRY GROUP (SORTED ALPHABETICALLY))]
------------------------                     Asset  R&D or Auto-,------------------------                     [Asset(!Asset Growth Rate)]  [R&D or(!R&D or Mktng. Spend.)] [Auto-(!Auto-pilot On?)]
Prior     Last     Next   Credit  Analyst's  Growth Mktng. pilot,[Prior(!Prior Yr. Qtr.)]     [Last(!Last Quarter)]     [Next(!Next (Proj.))]   [Credit(!Credit Rating)]  [Analyst's(!Analyst's Rating)]  [Growth(!Asset Growth Rate)] [Mktng.(!R&D or Mktng. Spend.)] [pilot(!Auto-pilot On?)]
Company Name       Yr. Qtr.  Quarter  (Proj.) Rating   Rating     Rate  Spend.  On?,[Company Name(!Company Name)]       [Yr. Qtr.(!Prior Yr. Qtr.)]  [Quarter(!Last Quarter)]  [(Proj.)(!Next (Proj.))] [Rating(!Credit Rating)]   [Rating(!Analyst's Rating)]     [Rate(!Asset Growth Rate)]  [Spend.(!R&D or Mktng. Spend.)]  [On?(!Auto-pilot On?)]
Credit  % of  Loan,                                          [Credit(!CREDIT RATING)] [% of(!% OF TOTAL LOAN PORTFOLIO)]   [Loan(!LOAN INTEREST RATE)]
Name of Borrower         Amount of Loan   Rating Total  Rate,[Name of Borrower(!NAME OF BORROWER)]         [Amount of Loan(!AMOUNT OF LOAN)]   [Rating(!CREDIT RATING)] [Total(!% OF TOTAL LOAN PORTFOLIO)]  [Rate(!LOAN INTEREST RATE)]
STOCK BEING OFFERED SYM. OFFERED EXPIRES COMPANY'S INDUSTRY GROUP RATING,[STOCK BEING OFFERED(!COMPANY NAME OF STOCK BEING OFFERED)] [SYM.(!TICKER SYMBOL)] [OFFERED(!PERCENT OFFERED)] [EXPIRES(!OFFER EXPIRES)] [COMPANY'S INDUSTRY GROUP(!COMPANY'S INDUSTRY GROUP)] [RATING(!STOCK RATING)]
COMPANY NAME OF               PERCENT   OFFER                             STOCK,[COMPANY NAME OF(!COMPANY NAME OF STOCK BEING OFFERED)]               [PERCENT(!PERCENT OFFERED)]   [OFFER(!OFFER EXPIRES)]                             [STOCK(!STOCK RATING)]
STOCK BEING OFFERED      SYM. OFFERED  EXPIRES   COMPANY'S INDUSTRY GROUP RATING,[STOCK BEING OFFERED(!COMPANY NAME OF STOCK BEING OFFERED)]      [SYM.(!SYM.)] [OFFERED(!PERCENT OFFERED)]  [EXPIRES(!OFFER EXPIRES)]   [COMPANY'S INDUSTRY GROUP(!INDUSTRY GROUP)] [RATING(!STOCK RATING)]
ENTITY NAME             TYPE COMMODITY    UNITS *   ETC. IN U.S. $,[ENTITY NAME(!ENTITY NAME)]             [TYPE(!TYPE OF COMMODITY)] [COMMODITY(!TYPE OF COMMODITY)]    [UNITS *(!UNITS)]   [ETC. IN U.S. $(!COST PER UNIT (U.S. $))]
STOCK PCT%   SHARE   DIV.     VALUE:        TAX BASIS,[STOCK(!STOCK SYM.)] [PCT%(!PCT% HELD)]   [SHARE(!SHARE PRICE)]   [DIV.(!DIV. YIELD)]     [VALUE:(!VALUE (MILLIONS))]        [TAX BASIS(!TAX BASIS (OR COST))]
   COMPANY                   SYM.  HELD   PRICE  YIELD   (MILLIONS)      (OR COST),   [COMPANY(!COMPANY)]                   [SYM.(!STOCK SYM.)]  [HELD(!PCT% HELD)]   [PRICE(!SHARE PRICE)]  [YIELD(!DIV. YIELD)]   [(MILLIONS)(!VALUE (MILLIONS))]      [(OR COST)(!TAX BASIS (OR COST))]
PRICE TO   CREDIT    P/E     RETURN    DIV.    ANALYST'S,[PRICE TO(!PRICE TO NET WORTH)]   [CREDIT(!CREDIT RATING)]    [P/E(!P/E RATIO)]     [RETURN(!RETURN ON EQUITY)]    [DIV.(!DIV. YIELD)]    [ANALYST'S(!ANALYST'S RATING)]
COMPANY NAME             NET WORTH   RATING   RATIO  ON EQUITY  YIELD      RATING,[COMPANY NAME(!COMPANY NAME)]             [NET WORTH(!PRICE TO NET WORTH)]   [RATING(!CREDIT RATING)]   [RATIO(!P/E RATIO)]  [ON EQUITY(!RETURN ON EQUITY)]  [YIELD(!DIV. YIELD)]      [RATING(!ANALYST'S RATING)]
PROJECTED PRE-  PROJECTED PLANNED   % OF SALES,[PROJECTED PRE-(!PROJECTED PRE-TAX RETURN ON CAPITAL ASSETS)]  [PROJECTED(!PROJECTED MARKET SHARE)] [PLANNED(!PLANNED CAPACITY GROWTH%)]   [% OF SALES(!% OF SALES SPENT FOR R & D EXP.)]
COMPANY  PRICE TO   CREDIT    DIV.  TAX RETURN ON    MARKET   CAPACITY  SPENT FOR,[COMPANY(!COMPANY (SYMBOL))]  [PRICE TO(!PRICE TO NET WORTH)]   [CREDIT(!CREDIT RATING)]    [DIV.(!DIV. YIELD)]  [TAX RETURN ON(!PROJECTED PRE-TAX RETURN ON CAPITAL ASSETS)]    [MARKET(!PROJECTED MARKET SHARE)]   [CAPACITY(!PLANNED CAPACITY GROWTH%)]  [SPENT FOR(!% OF SALES SPENT FOR R & D EXP.)]
(SYMBOL)  NET WORTH  RATING   YIELD  CAPITAL ASSETS   SHARE    GROWTH%   R & D EXP.,[(SYMBOL)(!COMPANY (SYMBOL))]  [NET WORTH(!PRICE TO NET WORTH)]  [RATING(!CREDIT RATING)]   [YIELD(!DIV. YIELD)]  [CAPITAL ASSETS(!PROJECTED PRE-TAX RETURN ON CAPITAL ASSETS)]   [SHARE(!PROJECTED MARKET SHARE)]    [GROWTH%(!PLANNED CAPACITY GROWTH%)]   [R & D EXP.(!% OF SALES SPENT FOR R & D EXP.)]
CASH AND     OTHER       TOTAL       AMOUNT       NET,[CASH AND(!PLAYER CASH AND EQUIVALENTS)]     [OTHER(!PLAYER OTHER ASSETS)]       [TOTAL(!PLAYER TOTAL ASSETS)]       [AMOUNT(!AMOUNT OWED BANK)]       [NET(!PLAYER NET WORTH)]
PLAYER               EQUIVALENTS    ASSETS      ASSETS    OWED BANK     WORTH,[PLAYER(!PLAYER NAME)]               [EQUIVALENTS(!PLAYER CASH AND EQUIVALENTS)]    [ASSETS(!PLAYER OTHER ASSETS)]      [ASSETS(!PLAYER TOTAL ASSETS)]    [OWED BANK(!AMOUNT OWED BANK)]     [WORTH(!PLAYER NET WORTH)]
TYPE OF   CONTRACT                       TOTAL           TOTAL     NET CONTRACT,[TYPE OF(!TYPE OF FUTURES CONTRACT)]   [CONTRACT(!CONTRACT PRICE PER UNIT)]                       [TOTAL(!TOTAL NUMBER OF CONTRACTS)]           [TOTAL(!TOTAL NOTIONAL VALUE*)]     [NET CONTRACT(!NET CONTRACT PROFIT (OR LOSS)**)]
 FUTURES    PRICE    MONTH  NUMBER OF    NOTIONAL        CURRENT       PROFIT, [FUTURES(!TYPE OF FUTURES CONTRACT)]    [PRICE(!CONTRACT PRICE PER UNIT)]    [MONTH(!MONTH SETTLES)]  [NUMBER OF(!TOTAL NUMBER OF CONTRACTS)]    [NOTIONAL(!TOTAL NOTIONAL VALUE*)]        [CURRENT(!TOTAL CURRENT VALUE)]       [PROFIT(!NET CONTRACT PROFIT (OR LOSS)**)]
 CONTRACT  PER UNIT SETTLES CONTRACTS     VALUE*          VALUE      (OR LOSS)**, [CONTRACT(!TYPE OF FUTURES CONTRACT)]  [PER UNIT(!CONTRACT PRICE PER UNIT)] [SETTLES(!MONTH SETTLES)] [CONTRACTS(!TOTAL NUMBER OF CONTRACTS)]     [VALUE*(!TOTAL NOTIONAL VALUE*)]          [VALUE(!TOTAL CURRENT VALUE)]      [(OR LOSS)**(!NET CONTRACT PROFIT (OR LOSS)**)]
Name of Borrowing Company      Amount of Advance    Rating,[Name of Borrowing Company(!NAME OF BORROWING COMPANY)]      [Amount of Advance(!AMOUNT OF ADVANCE)]    [Rating(!CREDIT RATING)]
