type,code,name_en,extra_en
currency,01,U.S. Dollar,USD
currency,02,British Pound,@UK
currency,03,European Common Currency (EURO),@EUR
currency,04,Japanese Yen,@JAP
currency,05,Korean Won,@KOR
currency,06,Indian Rupee,@IND
currency,07,New Zealand Dollar,NZ$
currency,08,Swedish Krona,SWE
currency,09,Swiss Franc,CHF
currency,10,Brazilian Real,R$
currency,11,Canadian Dollar,
currency,12,Australian Dollar,
currency,13,Hong Kong Dollar,HK$
currency,14,Singapore Dollar,SNG
currency,15,Chinese Yuan,@CNY
currency,16,Argentine Peso,ARG
currency,17,Israeli Shekel,@ISR
currency,18,Malaysian Ringgit,RM
currency,19,Mexican Peso,MEX
currency,20,Danish Krone,DAN
currency,21,Norwegian Krone,NOR
currency,22,South African Rand,SAF
currency,23,Egyptian Pound,@EGY
currency,24,Icelandic Krona,ICE
central_bank,01,Federal Reserve,U.S. Dollar
central_bank,02,Bank of England,British Pound
central_bank,03,European Central Bank,EURO
central_bank,04,Bank of Japan,Japanese Yen
central_bank,05,Bank of India,Indian Rupee
central_bank,06,Swiss National Bank,Swiss Franc
central_bank,07,Bank of Canada,Canadian Dollar
central_bank,08,Reserve Bank of Australia,Australian Dollar
central_bank,09,People's Bank of China,Chinese Yuan
central_bank,10,U.S. Federal Reserve,
number_word,01,one,
number_word,02,five,
number_word,03,six,
number_word,04,seven,
number_word,05,eight,
number_word,06,nine,
number_word,07,ten,
number_word,08,eleven,
number_word,09,twelve,
number_word,10,thirteen,
number_word,11,fourteen,
number_word,12,fifteen,
number_word,13,sixteen,
number_word,14,seventeen,
number_word,15,eighteen,
number_word,16,nineteen,
number_word,17,twenty,
number_word,18,twenty-five,
number_word,19,thirty,
number_word,20,forty,
number_word,21,fifty,
number_word,22,sixty,
number_word,23,seventy,
number_word,24,seventy-five,
number_word,25,eighty,
number_word,26,ninety,
option_spread,01,Straddle (Long),
option_spread,02,Straddle (Short),
option_spread,03,Strangle (Long),
option_spread,04,Strangle (Short),
option_spread,05,Bull Vertical Call Spread,
option_spread,06,Bear Vertical Call Spread,
option_spread,07,Butterfly Spread,
option_spread,08,Iron Butterfly,
option_spread,09,Condor Spread,
option_spread,10,Iron Condor,
option_spread,11,Long Straddle,
option_spread,12,Short Straddle,
option_spread,13,Long Strangle,
option_spread,14,Short Strangle,
option_spread,15,Bull Call Spread,
option_spread,16,Bear Call Spread,
option_spread,17,Bull Put Spread,
option_spread,18,Bear Put Spread,
option_spread,19,Iron Butterfly Spread,
option_spread,20,Iron Condor Spread,
contract_unit,01,barrel,
contract_unit,02,ounce,
contract_unit,03,bushel,
contract_unit,04,coin (token),
us_state,01,Mississippi,
us_state,02,Louisiana,
us_state,03,Alabama,
us_state,04,Arkansas,
month,01,January,
month,02,February,
month,03,March,
month,04,August,
month,05,September,
month,06,October,
month,07,November,
crime_org_flavor,01,Sinaloa cartel,
crime_org_flavor,02,Russian Mafia,
crime_org_flavor,03,Japanese Yakuza,
crime_org_flavor,04,Jamaican Mob,
disaster_flavor,01,Fresno earthquake,
disaster_flavor,02,Hurricane Zelda,
disaster_flavor,03,Mississippi flood,
disaster_flavor,04,Hurricane Xavier,
