table,name_en,target,gender,number,elision
RECOMMENDATION,BUY,,,,
RECOMMENDATION,HOLD,,,,
RECOMMENDATION,SELL,,,,
RECOMMENDATION,STRONG BUY,,,,
RECOMMENDATION,STRONG SELL,,,,
MISC,NEXT,,,,
MISC,THIS,,,,
MISC,PRICE,,,,
MISC,VALUE,,,,
MISC,COINS,,,,
MISC,UNITS,,,,
MISC,QUARTER,,,,
MISC,YEAR,,,,
MISC,TARGET,,,,
MISC,ESTIMATE,,,,
MISC,TAHOE,,,,
MISC,VEGAS,,,,
MISC,MAJOR,,,,
MISC,LARGE,,,,
MISC,CAPS ON,,,,
MISC,CUTBACKS IN,,,,
MISC,SLOWER RATE,,,,
MISC,FASTER CLIP,,,,
MISC,WIRELESS,,,,
MISC,BROADBAND,,,,
MISC,SILVER,,,,
MISC,COMMODITY,,,,
MISC,WHEAT,,,,
MISC,FAMED BALLPLAYER,,,,
MISC,SOCCER STAR,,,,
MISC,FLOOD,,,,
MISC,HURRICANE,,,,
MISC,EARTHQUAKE,,,,
MISC,PATENT,,,,
MISC,COPYRIGHT,,,,
MISC,TRADE SECRET,,,,
MISC,UNREST,,,,
MISC,MILITANCY,,,,
MISC,STRIFE,,,,
MISC,UNUSED,,,,
MISC,ACCRUED,,,,
MISC,PUTS,,,,
MISC,CALLS,,,,
MISC,ON,,,,
MISC,OFF,,,,
MISC,AND,,,,
MISC,BUT,,,,
MISC,DRAMATICALLY,,,,
MISC,SHARPLY,,,,
MISC,SIGNIFICANTLY,,,,
MISC,PROFITABLE,,,,
MISC,UNPROFITABLE,,,,
MISC,PART,,,,
MISC,MOST,,,,
MISC,BARREL,,,,
MISC,BARRELS,,,,
MISC,BUSHEL,,,,
MISC,BUSHELS,,,,
MISC,OUNCE,,,,
MISC,OUNCES,,,,
MISC,TON,,,,
MISC,TONS,,,,
MISC,BALE,,,,
MISC,BALES,,,,
MISC,UNIT,,,,
MISC,COIN,,,,
MISC,TOKYO,,,,
MISC,SHANGHAI,,,,
MISC,AMSTERDAM,,,,
MISC,WALL STREET,,,,
MISC,ABU DHABI,,,,
MISC,CLAIMS,,,,
MISC,LOSS,,,,
MISC,REDUCED BY A PROVISION FOR INCOME TAXES,,,,
MISC,INCREASED BY A PROVISION FOR REFUNDED TAXES,,,,
MISC,U.S. DOLLAR,,,,
MISC,U.S. DOLLAR ($),,,,
HIGHLOW,UP,,,,
HIGHLOW,DOWN,,,,
HIGHLOW,RISEN,,,,
HIGHLOW,FALLEN,,,,
HIGHLOW,DECLINED,,,,
HIGHLOW,RISE,,,,
HIGHLOW,DROP,,,,
HIGHLOW,FALL,,,,
HIGHLOW,INCREASED,,,,
HIGHLOW,DECREASED,,,,
HIGHLOW,SURGED,,,,
HIGHLOW,PLUNGED,,,,
HIGHLOW,TUMBLED,,,,
HIGHLOW,GAINED,,,,
HIGHLOW,SOARED,,,,
HIGHLOW,CLIMBED,,,,
HIGHLOW,RISING,,,,
HIGHLOW,SURGING,,,,
HIGHLOW,DECLINE,,,,
HIGHLOW,IMPROVE,,,,
HIGHLOW,INCREASE,,,,
HIGHLOW,HIGHER,,,,
HIGHLOW,LOWER,,,,
HIGHLOW,FELL,,,,
HIGHLOW,GREW,,,,
HIGHLOW,ROSE,,,,
HIGHLOW,IMPROVED,,,,
HIGHLOW,SLOWED,,,,
HIGHLOW,IS UP,,,,
HIGHLOW,IS DOWN,,,,
HIGHLOW,HAS FALLEN,,,,
HIGHLOW,HAS PLUNGED,,,,
HIGHLOW,HAS VAULTED,,,,
HIGHLOW,HAS TUMBLED,,,,
HIGHLOW,HAS MOVED UP,,,,
HIGHLOW,HAS ZOOMED UPWARD,,,,
HIGHLOW,"HAS CRATERED, SLIDING",,,,
HIGHLOW,ARE UP,,,,
HIGHLOW,ARE OFF,,,,
HIGHLOW,HAVE EASED,,,,
HIGHLOW,PLUNGED BY,,,,
HIGHLOW,SOARED BY,,,,
HIGHLOW,BEEN FALLING,,,,
HIGHLOW,SOLD OFF,,,,
HIGHLOW,UNCHANGED,,,,
VERB,GARNERS,,,,
VERB,WINS,,,,
VERB,LOSES,,,,
VERB,EXPLODED UPWARD,,,,
VERB,MOVED UP,,,,
VERB,UP,,,,
VERB,SURGING,,,,
VERB,HAS ACCUMULATED,,,,
VERB,IS ACCUMULATING,,,,
VERB,LIQUIDATES,,,,
VERB,SELLS,,,,
VERB,UNLOADS,,,,
VERB,ELIMINATED,,,,
VERB,CUT,,,,
VERB,SEIZED,,,,
VERB,TAKEN,,,,
VERB,WRESTED,,,,
VERB,NOTED,,,,
VERB,SEEN,,,,
VERB,DETECTED,,,,
VERB,SELL SHORT,,,,
VERB,PURCHASE,,,,
VERB,BUY BACK,,,,
VERB,NOW HELD,,,,
VERB,TAKEN OVER,,,,
VERB,PLANS,,,,
VERB,INTENDS,,,,
VERB,RAISES,,,,
VERB,REDUCES,,,,
VERB,BROUGHT DOWN,,,,
VERB,STRONGLY AFFECTED,,,,
VERB,DECIMATED,,,,
VERB,GREW,,,,
VERB,SHRANK,,,,
GAINLOSS,GAIN,,,,
GAINLOSS,GAINS,,,,
GAINLOSS,LOSS,,,,
GAINLOSS,LOSSES,,,,
GAINLOSS,PROFIT,,,,
GAINLOSS,PROFITS,,,,
GAINLOSS,INCOME,,,,
GAINLOSS,LESSENED,,,,
GAINLOSS,WORSENED,,,,
GAINLOSS,LOSSES FOR THE QUARTER WERE,,,,
GAINLOSS,PROFIT FOR THE QUARTER WAS,,,,
TREND,IMPROVING,,,,
TREND,DECLINING,,,,
TREND,STABLE,,,,
PLAYER,YOU,,,,
