Key,Source (EN),Target (KO),Context
action_bankchange_2,@PLAYER's new bank is:  @CORPFULL,@PLAYER의 신규 은행은 @CORPFULL 입니다.,
advance_fund_input,Enter the amount of funds you wish to advance (lend) to @CORPFULL. (Your cash on hand is @AMOUNT mil. Your cash plus line of credit is shown below.),@CORPFULL에 선지급하고자 하는 자금의 금액을 입력하십시오. (현재 보유 현금은 @AMOUNT M. 입니다. 현금과 신용한도를 합한 금액은 아래에 표시되어 있습니다.),
advance_fund_title,Advance Funds To @CORP,@CORP에 자금 선지급,
advance_not_controlled,"You cannot advance funds to a company you do not control, @CORPFULL.",@CORPFULL은/는 지배 중인 기업이 아니기 때문에 자금 선지급이 불가능합니다.,
advance_option,Type in the symbol or name of the company who @PLAYER will trade options on:,@PLAYER은/는 어느 기업의 옵션을 거래합니까? 기업의 티커 또는 이름을 입력하십시오:,
advance_rating_1,"@CORP has a poor credit rating, and its creditors will not allow it it to repay your advances, unless its credit rating improves.","@CORP은/는 신용등급이 낮아, 등급이 개선되지 않는 한 채권자들이 당신의 대여금 상환을 허용하지 않습니다.",
advance_rating_sure,Are you sure you wish to advance funds to a company with only a CCC credit rating?,신용등급이 CCC에 불과한 기업에 자금을 선지급하시겠습니까?,
advance_rating_title,Risk Warning,위험 경고,
advance_repay_result,"Advance repaid to @PLAYER, in the amount of @AMOUNT million.",@PLAYER에게 선지급금이 @AMOUNT M. 상환되었습니다.,
advance_result,The funds have been advanced to @CORPFULL...,@CORPFULL로/으로의 자금 선지급이 완료되었습니다...,
advance_title,ADVANCE FUNDS TO A COMPANY YOU CONTROL:,지배 중인 기업에 자금 선지급:,
advance_warning_rating2,Are you sure you wish to advance funds to a company with only a B credit rating?,신용등급이 B에 불과한 기업에 자금을 대여하시겠습니까?,
antitrust_cancled,Lawsuit filing is canceled.,소송 제기가 취소되었습니다.,
antitrust_sue_title,Sue which company? (must be in the same industry),어느 기업을 고소하겠습니까? (동일 업종이어야 함),
autopilot_ceo_1,You are President and CEO of @CORPFULL.,@CORPFULL의 사장 겸 CEO입니다.,
autopilot_ceo_2,"As such, you are fully responsible for running the company, and cannot delegate your duties by putting the company on 'AutoPilot' status. You must continue to actively manage this company.","따라서 이 기업의 경영을 전적으로 책임지며, '오토파일럿' 상태로 전환해 업무를 맡길 수 없습니다. 해당 기업을 계속 직접 관리해야 합니다.",
autopilot_off_1,"Management of the company will now entirely be your responsibility, except for routine 'housekeeping' and occasional other changes forced upon the company, such as forced sales of assets.","일상적인 '집안 관리', 또는 자산 강제 매각같은 외부의 강제 요인들을 제외하고, 기업 경영은 이제부터 전적으로 직접 맡게 됩니다.",
autopilot_on_1,"The company will now be managed by the program like a company you do not control, but may occasionally request your permission to do some major transactions.","해당 기업은 이제 지배하지 않는 회사와 마찬가지로 알고리즘이 자동으로 경영하지만, 중요한 대규모 거래가 있을 때는 가끔 승인을 요청할 수 있습니다.",
autopilot_on_2,The 'AutoPilot' setting for this company will remain ON until you use the Toggle AutoPlay OFF button on the Management Menu or use the 'AutoPlay (Global)' item on the 'Game Settings' pulldown menu to turn this setting OFF for all corporations that you control at the time.,"해당 기업의 '오토파일럿' 기능은 ON 상태로 유지됩니다. 기능을 켜려면 경영 메뉴에서 'OFF' 버튼을 누르거나, '게임 설정' 메뉴의 '오토파일럿 (전역)'을 클릭하여 지배 중인 모든 기업의 오토파일럿 설정을 비활성화하십시오.",
autopilot_onoff_title,AutoPilot is now turned {ON|OFF} for: @PLAYER1 (@PLAYER2).,오토파일럿 기능 {ON|OFF}: @PLAYER1 (@PLAYER2).,
bank_allocation_off_1,"ARE YOU SURE YOU WANT TO TURN AUTOMATIC ALLOCATION OF ASSETS OFF, FOR @CORPFULL?",정말로 @CORPFULL의 자동 자산 배분을 비활성화합니까?,
bank_allocation_off_2,"Automatic allocation and re-allocation of assets is now turned off for @CORPFULL. You will henceforth need to make all decisions about the bank's purchases or sales of consumer loans, mortgages, and bonds, other than forced sales.","@CORPFULL의 자산 자동 배분 및 재배분 기능이 비활성화되었습니다. 향후 강제 매각을 제외한 신용 대출, 주택 담보 대출, 채권의 매입 및 매도 관련 모든 의사결정을 수동으로 진행해야 합니다.",
bank_allocation_off_2_1,"Monthly loan amortization (payoff) of principal will continue, at the quarterly rates of:",대출 원금의 월별 분할 상환은 아래의 분기별 비율에 맞춰 유지됩니다:,
bank_allocation_off_2_2,@PCT1 for consumer loans @PCT2 for prime mortgage loans @PCT3 for subprime mortgage securities,신용 대출: @PCT1  프라임 등급 주택 담보 대출: @PCT2  서브프라임 등급 주택 담보 증권: @PCT3,
bank_allocation_off_title,Turn Off Automatic Asset Allocation?,자동 자산 배분 기능을 비활성화합니까?,
bank_allocation_on_1,Automatic allocation of bank assets (other than business loans and equity holdings) is currently turned OFF for @CORPFULL.,현재 @CORPFULL의 은행 자산 (기업 대출 및 주식 보유 제외) 자동 배분 기능이 꺼져 있습니다.,
bank_allocation_on_2,"DO YOU WANT TO TURN ON AUTOMATIC ALLOCATION OF ASSETS, FOR @CORPFULL?",@CORPFULL의 자산 자동 배분 기능을 켜시겠습니까?,
bank_allocation_on_title,Resume Automatic Asset Allocation?,자동 자산 배분을 재개하시겠습니까?,
bank_allocation_setted_1,The asset allocation percentages you entered have been set.,자산 배분 비율이 설정되었습니다.,
bank_allocation_setted_2,"Implementation will (usually) be a gradual process, as some assets are sold off and others are accumulated.","일부 자산은 매도하고 다른 자산은 축적하는 과정이 필요하므로, 비율이 맞춰질 때까지 시간이 조금 걸릴 수 있습니다.",
bank_allocation_setted_3,"Some actions that would appear to be disastrous, such as selling bonds when interest rates or high or buying or selling subprime mortgage securities at a loss during a subprime crisis or recession, may not occur in accordance with your allocation strategy until the situation has changed for the better.","고금리 시기의 채권 매도나 경기 침체기의 손절매처럼 큰 손실을 부를 수 있는 거래는, 예약된 배분 명령을 그대로 이행하지 않고 시장 상황이 좋아질 때까지 실행이 유예될 수 있습니다.",
bank_allocation_setted_4,"(In such cases, you may want to manually buy or sell such assets, even if it seems unwise.)","(이런 경우, 비합리적으로 보일지라도 해당 자산을 직접 수동으로 매수/매도하는 편이 나을 수 있습니다.)",
bank_allocation_strategy_allocation,Allocation,배분,
bank_allocation_strategy_apply,APPLY,적용,
bank_allocation_strategy_bonds,Bonds (Corp. & Govt.),채권 (회사채 & 국채),
bank_allocation_strategy_cancel,CANCEL,취소,
bank_allocation_strategy_cash,Cash Equivalents**,현금성 자산**,
bank_allocation_strategy_class,Asset Class,자산 유형,
bank_allocation_strategy_consumerloan,Consumer Loans,소비자 대출,
bank_allocation_strategy_desc,"Allocate bank assets, other than business loans and equities. Total must add up to @PCT1. ** Cash Equivalents must be at least @PCT2.",기업 대출 및 주식을 제외한 은행 자산을 배분합니다. 총합은 @PCT1이어야 합니다. **현금성 자산은 최소 @PCT2 이상이어야 합니다.,
bank_allocation_strategy_off,TURN OFF,끄기,
bank_allocation_strategy_primemort,Prime Mortgages,프라임 모기지,
bank_allocation_strategy_subprimemort,Sub-prime Mortgages,서브프라임 모기지,
bank_allocation_strategy_title,Bank Asset Allocation Strategy for: @CORPFULL,@CORPFULL의 은행 자산 배분 전략:,
bank_consumerloan_buy_1,How much does @CORPFULL wish to spend (maximum) to acquire {consumer loans|prime mortgage loans|subprime mortgage loan securities}? (Available funds shown below):,@CORPFULL이/가 {소비자 대출|프라임 모기지 대출|서브프라임 모기지 증권}을/를 인수하는 데 지출할 (최대) 금액을 입력하십시오. (가용 자금은 아래 표시):,
bank_consumerloan_buy_2,@CORPFULL has purchased {consumer loans|mortgage loans|prime mortgage loans|subprime mortgage loan securities|subprime mortgage-backed securities} in the amount of @AMOUNT million.,@CORPFULL이/가 @AMOUNT M. 규모의 {소비자 대출|모기지 대출|프라임 모기지 대출|서브프라임 모기지 증권|서브프라임 모기지 증권}을/를 매입했습니다.,
bank_consumerloan_buy_3,The current annual yield on this investment is: @PCT.,이번 투자의 현재 연 수익률은 @PCT입니다.,
bank_consumerloan_buy_news,@CORP pays cash to acquire {consumer loans|mortgage loans|prime mortgage loans|subprime mortgage loan securities|subprime mortgage-backed securities}.,@CORP이/가 현금을 지급하고 {소비자 대출|모기지 대출|프라임 모기지 대출|서브프라임 모기지 증권|서브프라임 모기지 증권}을/를 인수했습니다.,
bank_consumerloan_sell_1,@CORPFULL - - Sale of Loans,@CORPFULL - - 대출 매각,
bank_consumerloan_sell_2,Enter amount of the @CORP's holdings of {consumer loans|prime mortgage loans|subprime mortgage loan securities} to sell:,매도할 @CORP 보유 {소비자 대출|프라임 모기지 대출|서브프라임 모기지 증권} 금액을 입력하십시오:,
bank_consumerloan_sell_3,CONFIRMATION OF SALE:,매각 확인:,
bank_consumerloan_sell_4,@CORPFULL has sold @AMOUNT million (face value) of {consumer loans|prime mortgage loans|subprime mortgage loan securities}.,@CORPFULL이/가 액면가 @AMOUNT M.의 {소비자 대출|프라임 모기지 대출|서브프라임 모기지 증권}을/를 매도했습니다.,
bank_consumerloan_sell_news,@CORP sells off @AMOUNT mil. of {consumer loans|prime mortgage loans|subprime mortgage loan securities}.,@CORP이/가 {소비자 대출|프라임 모기지 대출|서브프라임 모기지 증권} @AMOUNT M.을/를 매각했습니다.,
bank_corploan_buy_1,Do you want to select the loan from a list of corporate loans that are for sale by various banks?,여러 은행에서 매물로 내놓은 기업 채권 목록에서 선택하시겠습니까?,
bank_corploan_buy_2,"(Otherwise, the program will search for a loan to purchase, in the approximate amount of purchase price you authorize, and only from banks not controlled by you or other players.)","(선택하지 않을 경우, 알고리즘은 본인이나 다른 플레이어가 지배하지 않는 은행에서 입력한 매수 금액에 근접한 대출을 찾아 매수합니다.)",
bank_corploan_buy_3,NOTE: Only those banks that hold more than 10 business loans will offer any such loans for sale.,참고: 기업 대출을 10건 넘게 보유한 은행만 채권을 매물로 내놓습니다.,
bank_corploan_buy_list_1,Do you want to sort the list of available loans by credit rating?,이용 가능한 대출 목록을 신용등급 순으로 정렬하겠습니까?,
bank_corploan_buy_list_2,"(If not, they will be sorted alphabetically, by name of borrower.)","(아니라면, 차입자 이름의 알파벳 순으로 정렬됩니다.)",
bank_corploan_buy_list_header,=== LIST OF CORPORATE LOANS OFFERED FOR SALE BY BANKS ===,=== 은행이 매물로 내놓은 기업 대출 목록 ===,
bank_corploan_buy_list_title,Choose Sort Method,정렬 방식 선택,
bank_corploan_buy_nonlist_1,How much does @CORPFULL wish to spend (maximum) to acquire a business loan from another bank? (Available funds shown below):,@CORPFULL이/가 타 은행의 기업 대출 채권을 인수하는 데 지출할 (최대) 금액을 입력하십시오. (가용 자금은 아래 표시):,
bank_corploan_buy_nonlist_result1,Unable to find any loan of that approximate size to acquire.,해당 규모의 대출 채권을 찾을 수 없습니다.,
bank_corploan_buy_nonlist_title,@CORP - - Acquire Loans,@CORP - - 대출 인수,
bank_corploan_buy_title,View and Select from List of Loans?,대출 목록을 확인 후 선택하겠습니까?,
bank_freeze_all_1,This function allows you to freeze lending by @CORPFULL{.|''} to all competing players and all companies that you do not control. Doing this universal freeze of lines of credit will NOT affect companies you control.,이 기능은 @CORPFULL이/가 경쟁자와 지배하지 않는 기업 전체를 대상으로 대출을 동결하도록 설정합니다. 이러한 일괄 신용 한도 동결 조치는 지배 중인 법인에는 적용되지 않습니다.,
bank_freeze_all_2,DO YOU WANT THE BANK TO FREEZE THE LOANS?,은행이 모든 대출을 동결합니까?,
bank_freeze_all_noloans,No loans were found that needed to be frozen,동결이 필요한 대출이 없습니다,
bank_freeze_all_result,@CORPFULL (@CORP) {FREEZES|UNFREEZES} LENDING TO @COUNT LOAN CUSTOMERS,@CORPFULL (@CORP)이/가 @COUNT 곳에 대한 대출{을 동결합니다|동결을 해제합니다},
bank_freeze_all_title,Freeze All Loans?,모든 대출을 동결하겠습니까?,
bank_unfreeze_all_1,This function allows you to un-freeze lending by @CORPFULL{.|''} to all competing players and all companies that you do not control. Doing this universal un-freeze of lines of credit will also un-freeze credit lines of companies you control.,이 기능은 @CORPFULL이/가 경쟁자와 지배하지 않는 기업 전체를 대상으로 대출을 동결 해제하도록 설정합니다. 신용 한도에 대한 전면적인 동결을 해제하면 지배 중인 기업들의 신용 한도 동결도 해제됩니다.,
bank_unfreeze_all_2,DO YOU WANT THE BANK TO UN-FREEZE THE LOANS?,정말로 모든 대출을 동결 해제하시겠습니까?,
bank_unfreeze_all_noloans,No loans were found that needed to be unfrozen,동결 해제가 필요한 대출이 없습니다,
bank_unfreeze_all_title,Un-freeze All Loans?,모든 대출을 동결 해제하시겠습니까?,
bankloanui_allocation,Set Allocation,자산 배분 설정,
bankloanui_buisness,Buy Business Loans,기업 대출,
bankloanui_callin,Call In,상환 요구,
bankloanui_freeze,Freeze,동결,
become_advisor_1,"As an insurance company that currently has no investment advisory contracts with any Exchange-Traded Funds (ETFs), @CORPFULL may be able to purchase one such contract from an existing ETF adviser, at a price of 10 times the annual base fees (5 times for a bond or index fund) the selling adviser is currently earning.","현재 상장지수펀드 (ETF)와 체결한 투자자문 계약이 하나도 없는 보험사인 @CORPFULL은/는, 기존 ETF 자문사로부터 이러한 계약 하나를 매입할 수 있습니다. 매입 가격은 매도 자문사가 현재 받고 있는 연간 기본 수수료의 10배 (채권형 또는 인덱스 펀드는 5배)입니다.",
become_advisor_2,"Once @CORP has become an adviser to an ETF, you may manage the ETF's investments, by buying or selling stocks and options, or having the ETF do public offerings of stock or issue bonds, and @CORPFULL will receive quarterly management fees and possible bonus fees for superior results.","@CORP이/가 ETF의 자문사가 되면, 주식과 옵션을 사고팔거나 ETF가 주식 공모를 하거나 채권을 발행하도록 하는 등 ETF의 투자를 직접 운용할 수 있으며, @CORPFULL은/는 분기별 운용 수수료와 우수한 성과에 대한 성과 보수를 받게 됩니다.",
become_advisor_3,"HOWEVER, note that in W$R there are no performance bonus fees for index funds or bond funds, since they operate automatically, based on trading algorithms, and that the basic management fees paid by index funds or bond funds are limited to @PCT of net assets. Accordingly, the cost to purchase the advisory contract for a bond or index fund is only 5 times the current annual base management fee.","단, W$R에서 인덱스 펀드와 채권형 펀드는 매매 알고리즘에 따라 자동으로 운용되므로 성과 보수가 없으며, 이들 펀드가 지급하는 기본 운용 수수료는 순자산의 @PCT로 제한된다는 점에 유의하십시오. 따라서 채권형 또는 인덱스 펀드의 자문 계약 매입 비용은 현재 연간 기본 운용 수수료의 5배에 불과합니다.",
become_advisor_4,"With the foregoing in mind, do you want @CORPFULL to attempt to purchase an ETF advisory contract from a current fund adviser?","이상을 감안하여, @CORPFULL이/가 현재 펀드 자문사로부터 ETF 자문 계약 매입을 시도하도록 하시겠습니까?",
become_advisor_title,Seek To Become Adviser?,자문사 지위 인수를 추진하시겠습니까?,
become_advisory_pay_1,"The cost to purchase the advisory contract from the current adviser, @CORPFULL, is: @AMOUNT million.",현 자문사인 @CORPFULL로부터 자문 계약을 매입하는 데 드는 비용은 @AMOUNT M.입니다.,
become_advisory_pay_2,"The cost, for tax and accounting purposes, will be treated as a current, tax-deductible operating expense.",이 비용은 세무 및 회계상 당기 손금산입이 가능한 영업비용으로 처리됩니다.,
become_advisory_pay_3,"DO YOU WANT @CORPFULL1 TO PAY THAT AMOUNT TO THE CURRENT ADVISOR, @CORPFULL2?",@CORPFULL1이/가 해당 금액을 현 자문사인 @CORPFULL2에 지불하도록 하시겠습니까?,
become_advisory_pay_result,"Because @CORPFULL1 is a index fund and its investments and computerized trading are managed by a software algorithm, your company, @CORPFULL2, will not earn any kind of performance bonus fees and the annual management fee rate is set at @PCT of net assets and is not subject to increase (W$R rule).","@CORPFULL1은/는 인덱스 펀드로서 투자와 전산 매매가 소프트웨어 알고리즘에 의해 운용되므로, 귀사인 @CORPFULL2은/는 어떠한 성과 보수도 받지 못하며 연간 운용 수수료율은 순자산의 @PCT로 고정되어 인상되지 않습니다 (W$R 규칙).",
become_advisory_pay_result_1,CONFIRMATION:@CORPFULL1 has acquired the right to provide advisory services to the @CORPFULL2 Exchange-Traded Fund (ETF).,확인: @CORPFULL1은/는 @CORPFULL2 상장지수펀드 (ETF)에 자문 서비스를 제공할 권리를 취득했습니다.,
become_advisory_pay_result_title,FEE LIMITATION FOR INDEX FUND ETFS,인덱스 펀드 ETF의 수수료 제한,
become_advisory_pay_title,Pay To Become @CORP's Adviser?,@CORP의 자문사가 되기 위해 비용을 지불하시겠습니까?,
become_advisory_select_input,Enter (or look up and select) the stock symbol of the ETF whose advisory contract @CORPFULL wishes to buy from the current adviser to that fund.,@CORPFULL이/가 해당 펀드의 현 자문사로부터 자문 계약을 매입하려는 ETF의 종목 코드 (티커)를 입력 (또는 검색하여 선택)하십시오.,
become_advisory_select_notetf,That is not the stock symbol for an ETF.,ETF의 종목 코드 (티커)가 아닙니다.,
become_advisory_select_notetf_2,Please enter the stock symbol for an ETF for which you want @CORPFULL to become the adviser,@CORPFULL이/가 자문사가 되기를 원하는 ETF의 종목 코드 (티커)를 입력하십시오,
become_advisory_select_title,Select ETF contract by @CORPFULL,@CORPFULL의 ETF 자문 계약 선택,
borrow_lineofcredit_1,@CORPFULL1 can borrow up to @AMOUNT M. from @CORPFULL2.,@CORPFULL1은/는 @CORPFULL2로/으로부터 최대 @AMOUNT M.까지 대출받을 수 있습니다.,
borrow_lineofcredit_2,How much do you want to borrow?,얼마를 대출받으시겠습니까?,
borrow_lineofcredit_corp,"(@CORP's loan balance, or if less, the total of available liquid funds is:)",(@CORP의 대출 잔액과 사용 가능한 유동 자금 총액 중 더 적은 금액은 다음과 같습니다:),
borrow_lineofcredit_input,@CORPFULL1 can borrow up to @AMOUNT M. from @CORPFULL2.  How much do you want to borrow?,@CORPFULL1은/는 @CORPFULL2로/으로부터 최대 @AMOUNT M.까지 대출받을 수 있습니다. 얼마를 대출받으시겠습니까?,
borrow_lineofcredit_nodebt,@CORPFULL doesn't owe on any bank loans or advances from players at this time.,현재 @CORPFULL은 은행 대출이나 개인 대여금을 받지 않은 상태입니다.,
borrow_lineofcredit_title,Borrow on Line of Credit,신용한도 대출,
borrow_payingoff,Paying off (by borrowing) deficit of @AMOUNT in {[1]@CORPFULL's|your} cash account,{[1]@CORPFULL|당신의} 현금 계좌의 부족액 @AMOUNT을/를 차입으로 메웁니다,
buyback_corp_bond_1_1,"@CORPFULL cannot issue more bonds, under its bond indenture, until it retires all of its existing @PCT1 bond issue, trading at @PCT2 of par.","@CORPFULL은/는 계약서 조항에 따라, 현재 액면가의 @PCT2 수준에서 거래 중인 기존 @PCT1 채권을 전액 상환하기 전까지는 신규 채권을 추가 발행할 수 없습니다.",
buyback_corp_bond_1_2,"The company can attempt to buy back some or all of its bonds which are publicly traded, at market prices. The bonds are not callable (redeemable) until @YEAR.","해당 기업은 공개 시장에서 유통 중인 자사 채권을 일부 또는 전부 매입할 수 있습니다. 단, 해당 채권은 @YEAR년까지 콜옵션 행사 (조기 상환)가 불가능합니다.",
buyback_corp_bond_1_2_1,"None of the company's bonds can be purchased on the open market at this time and cannot be called (redeemed) at this time; however, @CORP may be able to purchase some of the bonds directly from current holders at market or higher prices.","현재 유통 시장을 통한 자사 채권 매입이나 콜옵션 행사 (조기 상환)이 불가능합니다. 다만, @CORP은/는 채권 보유자와 직접 협상하여 시가 또는 그 이상의 가격으로 물량을 매입할 수는 있습니다.",
buyback_corp_bond_1_3,Does the company wish to try to buy back some or all of its bonds?,유통 중인 채권의 일부 또는 전부를 매입하겠습니까?,
buyback_corp_bond_1_4,Select 'YES' if you wish to buy back publicly traded bonds on the open market.,공개 시장에서 유통 채권을 매입하려면 '네'를 선택하십시오.,
buyback_corp_bond_1_4_1,Select 'YES' if you wish to buy back bonds from a current bondholder.,기존 채권 보유자로부터 채권을 매입하시겠습니까? 매입하려면 '네'를 선택하십시오.,
buyback_corp_bond_1_5,@AMOUNT M. (face value) are available.,매입 가능 물량: 액면가 기준 총 @AMOUNT M.,
buyback_corp_bond_1_title,Bond Buyback or Redemption by @CORPFULL,@CORPFULL의 채권 자사주 매입 및 조기 상환,
buyback_corp_bond_2_input,How many bonds do you wish to buy back? @CORPFULL has sufficient funds to buy back up to @AMOUNT {million|M.|''}),매입할 채권 금액을 입력하십시오. @CORPFULL은/는 최대 @AMOUNT M. 규모의 채권을 매입할 수 있는 자금을 보유하고 있습니다.,
buyback_corp_bond_2_title,Bond Buyback by @CORP,@CORP의 채권 매입,
buyback_corp_bond_3_1,"@CORPFULL has bought back @AMOUNT1 of its bonds, for a total purchase price of @AMOUNT2, plus accrued bond interest of @AMOUNT3.",@CORPFULL은/는 총 매입가 @AMOUNT2에 미지급 경과 이자 @AMOUNT3을 더한 금액으로 자사 채권 액면가 @AMOUNT1 을 매입했습니다.,
buyback_corp_bond_3_2,"@CORP1 has bought back bonds from @CORP2 for @AMOUNT1, plus accrued interest of @AMOUNT2.",@CORP1은/는 @CORP2가 보유한 채권을 매입 대금 @AMOUNT1에 미지급 경과 이자 @AMOUNT2를 더한 금액으로 매입했습니다.,
buyback_corp_bond_4_1,"@CORPFULL1 can buy back up to @AMOUNT1 of its bonds from @CORPFULL2, at @SHARE points above the market price of @AMOUNT2.",@CORPFULL1은/는 @CORPFULL2가 보유한 자사 채권을 시가 (@AMOUNT2)에 @SHARE포인트를 얹은 가격으로 최대 @AMOUNT1 상당까지 매입할 수 있습니다.,
buyback_corp_bond_4_2,Does @CORPFULL1 want to purchase some or all of the bonds held by @CORPFULL2?,@CORPFULL1이/가 @CORPFULL2 보유 채권의 일부 또는 전부를 매입하도록 하겠습니까?,
buyback_corp_bond_4_title,Bond Buy – back,채권 매입,
buyback_corp_bond_result,"@CORPFULL has bought back @AMOUNT1 million of its bonds, for a total purchase price of @AMOUNT2 million, plus accrued bond interest of @AMOUNT3 million.",@CORPFULL은/는 총 매입가 @AMOUNT2 M.에 미지급 경과 이자 @AMOUNT3 M.을/를 더한 금액으로 자사 채권 액면가 @AMOUNT1 M.을/를 매입했습니다.,
capitalcontr_1_1,@PLAYER has @COUNT @PCT - owned companies.,@PLAYER은/는 지분을 @PCT 확보한 기업을 @COUNT개 지배하고 있습니다.,
capitalcontr_1_2,Do you want to select one from a list of companies that @PLAYER can contribute capital (cash or assets) to?,@PLAYER이/가 자본 (현금 또는 자산)을 출자할 수 있는 기업 목록을 보시겠습니까?,
capitalcontr_list_list,STOCK PORTFOLIO FOR @PLAYER (In U.S. Dollars),@PLAYER의 주식 포트폴리오 (미국 달러 기준),
capitalcontr_list_title,===  STOCK PORTFOLIO LISTING FOR @PLAYER ===,=== @PLAYER의 주식 포트폴리오 목록 ===,
capitalcontr_no_subdiary,No subsidiary selected. Action is canceled.,선택된 자회사가 없습니다. 작업이 취소됩니다.,
capitalcontr_title,Select Recipient Company,입금 대상 기업 선택,
ceoelect_1,APPROXIMATE ANNUAL BASE SALARY = @AMOUNT MILLION.,대략적인 연간 기본 급여 = @AMOUNT M.,
ceoelect_2,ESTIMATED ANNUAL BONUS = @AMOUNT MILLION.,예상되는 연간 보너스 = @AMOUNT M.,
ceoelect_3,"QUARTERLY GRANTS OF @CORP STOCK OPTIONS, BEGINNING NEXT YEAR (POSSIBLY).",내년부터 (시행 여부 미정) @CORP의 스톡 옵션이 분기마다 지급됩니다.,
ceoelect_title,@PLAYER ELECTED PRESIDENT OF @CORPFULL,"@PLAYER, @CORPFULL 사장으로 선임",
ceoresign_1,"@PLAYER's resignation as President/CEO of @CORPFULL is effective, immediately. No severance pay or 'Golden Parachute' is provided, since the termination was voluntary.",@PLAYER의 @CORPFULL의 사장/CEO 사임은 즉시 효력을 발휘합니다. 자발적인 퇴사였으므로 퇴직금이나 '돈다발 퇴직금' 은 제공되지 않습니다.,
change_dividend_down,@CORP cuts annual dividend payout to @AMOUNT per share,@CORP이/가 연간 배당금을 주당 @AMOUNT로 인하했습니다,
change_dividend_input,"Enter amount (per share) that you want @CORPFULL to pay out as dividends

Range: @PCT1 to @PCT2

Current annual dividend: @AMOUNT per share.","@CORPFULL이/가 지급할 주당 배당금을 입력하십시오.

범위: @PCT1 ~ @PCT2

현재 연간 배당금: 주당 @AMOUNT",
change_dividend_limit,Must be between @SHARES1 and @SHARES2,@SHARES1에서 @SHARES2 사이여야 합니다.,
change_dividend_result,@CORP sets annual dividend payout at @AMOUNT per share,@CORP의 연간 배당금 지급액을 @AMOUNT로 변경했습니다.,
change_dividend_title,Change Dividend Payout for @CORP,@CORP의 배당금 변경,
change_dividend_unchanged,Dividend rate remains unchanged...,배당률이 변경되지 않았습니다...,
change_dividend_up,@CORP raises annual dividend payout to @AMOUNT per share,@CORP이/가 연간 배당금을 주당 @AMOUNT로 인상했습니다,
change_growth_rate_input,Enter the growth rate you want to set for @CORPFULL: (For growth in {capital assets|insurance in force|deposits}),@CORPFULL의 목표 성장률을 입력하십시오: ({자본자산|유효 보험계약|예금}의 성장률),
change_growth_rate_result,Growth rate of capital spending changed to @PCT.,자본 자산 성장률이 @PCT로 변경되었습니다.,
change_growth_rate_title,Change Growth Rate for @CORP,@CORP의 성장률 설정,
change_productivity_body,Enter percentage of interest income (@PCT1 to @PCT2) you want @CORPFULL to spend annually on marketing and/or advertising,@CORPFULL이/가 마케팅 및/또는 광고에 연간 지출할 이자 수익 비율을 입력하십시오 (@PCT1 ~ @PCT2),
change_productivity_input,Enter percentage of sales (@PCT1 to @PCT2) you want @CORPFULL to spend annually on Research and Development (R and D),@CORPFULL이/가 매년 연구 개발 (R&D) 에 쓸 매출 대비 지출액 (@PCT1 ~ @PCT2)을 입력하십시오,
change_productivity_market_input,Enter percentage of sales (@PCT1 to @PCT2) you want @CORPFULL to spend annually on marketing and/or advertising,@CORPFULL이/가 매년 마케팅 또는 광고에 쓸 매출 대비 지출액 (@PCT1 ~ @PCT2)을 입력하십시오,
change_productivity_result,Percent of revenue spent changed to @PCT.,매출액 대비 지출 비중이 @PCT로 변경되었습니다.,
change_productivity_spending_body,Enter percentage of gross premium income (@PCT1 to @PCT2) you want @CORPFULL to spend annually on marketing and/or advertising,@CORPFULL이/가 매년 마케팅 및 광고에 지출할 총보험료 수입 대비 비율 (@PCT1 ~ @PCT2)을 입력하십시오,
change_productivity_title,Change Productivity Spending for @CORP,@CORP의 생산성 향상을 위한 지출 비용 설정,
changename_title,Change Company Name for @CORP,@CORP 법인명 변경,
changename_title_1,Enter new name for @CORPFULL.,@CORPFULL의 새 이름을 입력하십시오.,
changename_title_2,(Must be 5 to 25 characters in length.),(5 ~ 25자로 입력하십시오),
changename_title_3,(Name change is only for this game.),(이름 변경은 플레이 중인 현재 게임에만 적용됩니다),
contribution_asset_no,Aborting.... @PLAYER has no business assets to contribute to @CORPFULL.,중단합니다.... @PLAYER은/는 @CORPFULL에 출자할 사업 자산이 없습니다.,
contribution_bond_limit1,"Contributing bonds to @CORPFULL is not allowed, since corporations other than bond funds, banks, and insurance companies are not permitted to invest in bonds (in W$R).","채권 펀드, 은행, 보험사를 제외한 기업은 채권에 투자할 수 없으므로 (W$R 기준), @CORPFULL에 채권을 출자하는 것은 허용되지 않습니다.",
contribution_bond_limit2,"(Contributing @CORPFULL's own bonds to it for cancellation would be allowed, but the company has no bonds issued and outstanding, currently.)","(@CORPFULL 자신의 채권을 소각 목적으로 출자하는 것은 허용되지만, 현재 이 회사에는 발행되어 유통 중인 채권이 없습니다.)",
contribution_capital_input_body,How much do you want @PLAYER to contribute to @CORPFULL?,@PLAYER의 계좌에서 @CORPFULL에 얼마를 출자하시겠습니까?,
contribution_capital_input_title,Capital Contribution to @CORP,@CORP에 대한 자본 출자,
contribution_capital_result_body,@PLAYER has contributed capital of @AMOUNT mil. to  @CORPFULL.,@PLAYER이/가 @CORPFULL에 @AMOUNT M. 규모의 자본금을 출자했습니다.,
contribution_capital_result_title,CONFIRMATION OF FUNDS TRANSFER:,자금 이체 확인:,
contribution_stock_input,@PLAYER owns @PCT1 of @CORP1: Enter percentage of @CORP2 stock to transfer to @CORPFULL (@PCT2 to @PCT3):,@PLAYER이/가 @CORP1 지분의 @PCT1를 보유 중입니다. @CORPFULL에 이전할 @CORP2 주식의 비율을 입력하세요 (@PCT2 ~ @PCT3):,
contribution_stock_input_title,Contribution of @CORP1 Stock To @CORP2,@CORP1 주식의 @CORP2 출자,
contribution_stock_list,"Next, select a stock to transfer to @CORPFULL, from the list of stocks owned by @PLAYER.","다음으로, @PLAYER이/가 보유한 주식 목록에서 @CORPFULL에 이전할 주식을 선택하세요.",
contribution_stock_result,@PLAYER has contributed stock of @CORP to @CORPFULL.,@PLAYER이/가 @CORPFULL에 @CORP 주식을 출자했습니다.,
contribution_subsidiary_no,"@ENTITY does not own @PCT of the stock of any subsidiary, and thus cannot make a contribution of capital to such a subsidiary.","@ENTITY은/는 @PCT 이상의 지분을 확보한 자회사를 보유하고 있지 않아, 해당 자회사에 자본을 출자할 수 없습니다.",
contribution_type,Select the type of assets that will be transferred,이전될 자산 유형 선택,
contribution_type_asset,Contribute Business Assets,사업 자산 출자,
contribution_type_bond,Contribute Bonds,채권 출자,
contribution_type_capital,Contribute Cash,현금 출자,
contribution_type_stock,Contribute Stock,주식 출자,
economicstat_captaxr,OTHER TAX RATES (TAXES ON CAPITAL):,기타 세율 (자본세):,
economicstat_captaxr_bili,Wealth Tax on Billionaires:     (NONE)  [3],억만장자를 대상으로 한 부유세:     (없음)  [3],
economicstat_captaxr_carbon,Carbon (Global Warming) Tax:    (NONE)  [5],탄소세 (지구온난화세):    (없음)  [5],
economicstat_captaxr_corpshare,Corporate Shares Tax:     (NONE) [4],법인 주식 소유세 :     (없음)  [4],
economicstat_captaxr_healthcare,Health Care Industries Tax:     (NONE)  [8],헬스케어 산업세:     (없음)  [8],
economicstat_captaxr_oil,Oil Windfall Profits Tax:       (NONE)  [6],원유 초과이윤세:       (없음)  [6],
economicstat_captaxr_personalholding,Personal Holding Company Tax:   (NONE)  [7],개인지주회사세:   (없음)  [7],
economicstat_comment_1,"[1] GDP is Gross Domestic Product; rate is the simulated growth rate of the U.S. economy, used in W$R as a proxy for global economic growth rates, which tend to track U.S. GDP growth.","[1] GDP는 국내총생산입니다. 이 수치는 미국 경제의 가상 성장률로, 전세계 경제 성장률은 대체로 미국 GDP 성장을 따라가는 경향이 있으므로, W$R 내 주요 지표로 사용됩니다.",
economicstat_comment_2,"[2] Par value of bonds is 100, or @PCT of their face value.","[2] 채권의 액면가는 100을 기준으로 두며, 이는 채권 실제 금액의 @PCT%입니다.",
economicstat_comment_2_1,Bond prices shown are for government bonds maturing on @DATE1 and @DATE2.,표시된 채권 가격은 @DATE1 및 @DATE2 만기 국채 기준입니다.,
economicstat_comment_3,[3] Wealth Tax on billionaires and other taxes on capital are not imposed when playing W$R at Difficulty Levels 1 to 3.,[3] 난이도 1 ~ 3 단계로 W$R을 플레이할 때는 억만장자를 대상으로 한 부유세 및 기타 자본세가 부과되지 않습니다.,
economicstat_comment_4,"[4] When imposed, @PCT Corporate Shares Tax applies to stocks of companies incorporated in the U.S., and one other country (currently, not imposed).","[4] 부과될 경우, @PCT 법인주식세는 미국에 설립된 회사와 법령에 지정된 국가에 설립된 회사의 주식에 적용됩니다 (현재 미적용).",
economicstat_comment_4_1,Owners pay quarterly.,보유자는 분기별로 납부합니다.,
economicstat_comment_4_2,Not applicable to ETFs.,ETF에는 해당 없음.,
economicstat_comment_5,"[5] When imposed, Carbon Tax applies to oil, oil service, rail, auto, auto parts, tire & rubber, steel, base and precious metals, chemical, utilities, and all transport industries.","[5] 탄소세가 도입될 경우 석유, 정유 서비스, 철도, 자동차, 부품, 타이어·고무, 철강, 비철 및 귀금속, 화학, 공공재, 그리고 모든 운송 업종에 추가 세금이 부과됩니다.",
economicstat_comment_5_1,Tax is based on companies' capital assets.,세금은 기업이 보유한 자본 자산 가치를 기준으로 산정됩니다.,
economicstat_comment_5_2,Collected on a quarterly basis.,이 세금은 분기별로 징수됩니다.,
economicstat_comment_5_2_variant2,"@REGION1, @REGION2 companies are exempted.","@REGION1, @REGION2 기업들은 면제됩니다.",
economicstat_comment_6,"[6] When imposed, the Oil Windfall Profits Tax is imposed on the capital (business) assets of oil, oil service and engineering & construction companies.","[6] 부과될 경우, 원유 초과이윤세는 석유, 석유 서비스, 엔지니어링·건설 회사의 사업 자산에 부과됩니다.",
economicstat_comment_6_1,"Maximum tax rate only applies if crude price is @AMOUNT1 or more, no tax when crude is @AMOUNT2 or below.","최고 세율은 원유 가격이 @AMOUNT1 이상일 때만 적용되며, @AMOUNT2 이하일 때는 세금이 부과되지 않습니다.",
economicstat_comment_7,"[7] When imposed, the Personal Holding Company Tax applies to a company directly owned (@PCT1 or more) and also controlled by a player, if the company is a holding company, or is an industrial company that has less than @PCT2 of total assets invested in active business assets.","[7] 부과될 경우, 개인지주회사세는 개인이 직접 소유 (@PCT1 이상) 하고 동시에 지배하는 회사가 지주회사이거나, 혹은 전체 자산 중 실제 사업 자산에 투자된 비중이 @PCT2 미만인 산업회사인 경우에 적용됩니다.",
economicstat_comment_7_1,Tax is paid by company.,세금은 회사가 납부합니다.,
economicstat_comment_8,"[8] When imposed, the Health Care Industries Tax applies to companies in the @IND1, @IND2, @IND3, and @IND4 industries.","[8] 헬스케어 산업세가 부과될 경우, 세금은 @IND1, @IND2, @IND3, @IND4 업종에 속한 기업에 적용됩니다.",
economicstat_comment_8_1,It is collected in quarterly installments each year.,매년 분기별로 나누어 징수됩니다.,
economicstat_comment_9,[9] Govt. bonds held by players/companies: @AMOUNT M.,[9] 개인/기업 보유 국채: @AMOUNT M.,
economicstat_comment_notimposed,"(currently, not imposed).",(현재 미적용),
economicstat_crudeoil,CRUDE OIL PRICE PER @UNIT: @AMOUNT (In U.S. dollars),원유 가격 (@UNIT당): @AMOUNT (미국 달러 기준),
economicstat_currency,(Shown in currency selected: @CURRENCY),(선택한 통화를 기준으로 표시: @CURRENCY),
economicstat_gdp,"CURRENT GROWTH RATE, U.S. GDP: @PCT % [1]",현재 미국 GDP 성장률: @PCT [1],
economicstat_housing,ANNUAL HOUSING STARTS:            @AMOUNT thousand units,연간 신규 주택 착공 건수:            @AMOUNT천 건,
economicstat_incometaxr,INCOME TAX RATES:,소득세율:,
economicstat_incometaxr_corp,Corporate Income Tax Rate:        @PCT %,법인세율:        @PCT %,
economicstat_incometaxr_indiv,Indiv. Rate on {Capital Gains|Ordinary Income}:   @PCT %,개인 {자본이득세율|일반소득세율}:   @PCT %,
economicstat_nationaldebt,NATIONAL DEBT:               @AMOUNT  Mil.   [9],국가 부채:               @AMOUNT M.   [9],
economicstat_primeint,PRIME INTEREST RATE ON LOANS:     @PCT %,대출 우대 금리:     @PCT %,
economicstat_stockindex,GLOBAL 1500 STOCK INDEX:       @AMOUNT,글로벌 1500 주가지수:       @AMOUNT,
economicstat_tbond,PRICE OF @PCT1 T-BOND OF @YEAR: @PCT2 % of Par [2],@YEAR년 만기 @PCT1 미국 국채 단가: 액면가 대비 @PCT2 [2],
economicstat_tbond2,PRICE OF @PCT1 T-BOND OF @YEAR:  @PCT2 % of Par,@YEAR년 만기 @PCT1 미국 국채 단가: 액면가 대비 @PCT2,
firemanagement_1,FIRE THE MANAGEMENT OF @CORPFULL?,@CORPFULL의 경영진을 해고하시겠습니까?,
firemanagement_2_1,The existing management team has provided themselves with 'Golden Parachutes' in case some corporate raider tried to fire them like this.....,"경영진은 지금처럼 기업 날강도들이 자신들을 해고시키려 할 상황에 대비해, 미리 '돈다발 퇴직' 조항을 마련해 두었습니다.....",
firemanagement_2_2,The existing management team has provided themselves with 'Golden Parachutes' in case some Wall Street sociopath tried to fire them like this.....,"경영진은 지금처럼 월스트리트의 소시오패스들이 자신들을 해고시키려 할 상황에 대비해, 미리 '돈다발 퇴직' 조항을 마련해 두었습니다.....",
firemanagement_4,These severance payments will cost the company @AMOUNT million....,이번 퇴직금 지급으로 해당 기업은 @AMOUNT M.의 비용을 부담하게 됩니다...,
firemanagement_5,Also...,또한...,
firemanagement_6_1,"Your 'headhunters' say that your firm's Board of Directors have a bad reputation as axe-wielders, thus the only new executive candidates they're likely to find for @CORPFULL will probably be a bunch of {[1]turkeys|white-collar criminals|retreads|castoffs}, {[2]misfits|bozos|bottom-feeders}, and other assorted {[3]degenerates|losers}.","당신이 고용한 '헤드헌터'에 따르면, @CORPFULL 이사회는 냉혹한 구조조정으로 악명이 높아서, 앞으로 영입 가능한 신규 임원 후보들은 대부분 {[1]얼간이들|화이트칼라 범죄자|한물간 인물|퇴물}, {[2]부적격자|무능한 자|밑바닥 인생}, 기타 잡다한 {[3]문제 인물들|낙오자들}일 가능성이 높다고 합니다.",
firemanagement_8,ARE YOU SURE YOU WANT TO DO THIS?,정말로 실행하시겠습니까?,
firemanagement_result,THE EXECUTIVES HAVE BEEN DISMISSED AND TOLD TO CLEAR OUT THEIR DESKS BY NIGHTFALL...,"경영진 전원이 해임되었으며, 오늘 해가 지기 전까지 짐을 싸서 나가라는 통보를 받았습니다...",
firemanagement_result_pink_slips,THE PINK SLIPS HAVE BEEN ISSUED...,해고 통지서가 발부되었습니다...,
firemanagement_tooshort_1,Note that the current management team has not been in place long enough to succeed or fail.,현 경영진의 재임 기간이 아직 짧아 성과를 판단하기는 이릅니다.,
firemanagement_tooshort_2,You might want to wait to see if they are able to turn the company around before you replace them with yet another management team.,"또 다른 경영진으로 교체하기 전에, 현 경영진이 회사를 정상화할 수 있는지 지켜보는 것도 고려해 볼 만합니다.",
fund_desc_3xleverage_inverse,Triple leverage inverse (bearish) Stock Index futures.,3배 레버리지 인버스 (하락형) 주가지수 선물,
fund_desc_3xleverage_long,Triple leverage long (bullish) Stock Index futures.,3배 레버리지 롱 (상승형) 주가지수 선물,
fund_desc_automobile,"Automobile makers, auto parts, tire manufacturers.","자동차 제조사, 자동차 부품, 타이어 제조사",
fund_desc_consumer,"Consumer goods (household, tobacco, food, clothing).","소비재 (가정용품, 담배, 음식, 의류)",
fund_desc_eastasia,"East Asia stocks (China, Japan, Korea, Hong Kong, etc.)","동 아시아 주식 (중국, 일본, 한국, 홍콩 등)",
fund_desc_energy,"Energy sector (oil, oil service, utilities, engineering).","에너지 부문 (석유, 석유 서비스, 전력-가스, 엔지니어링)",
fund_desc_finance,"Financials (banks, insurance, brokers, holding cos.)","금융 (은행, 보험, 증권사, 지주회사)",
fund_desc_food_beverage,"Food and beverage production, restaurants, supermarkets.","음식 및 음료 생산, 레스토랑, 슈퍼마켓",
fund_desc_govtbond,Long-term and short-term government bonds.,장단기 국채,
fund_desc_healthcare,"Health care services, biotech, drugs, drugstores.","헬스 케어 서비스, 바이오테크, 제약, 드러그스토어",
fund_desc_heavyind,"Heavy industrial (defense, capital goods, machinery).","중공업 (방위산업, 자본재, 기계)",
fund_desc_hightech,"High tech stocks (biotech, software, computers, etc.)","하이테크 주식들 (바이오테크, 소프트웨어, 컴퓨터 등)",
fund_desc_highyield_junk,High-yield junk-rated corporate bonds.,고수익 정크등급 회사채,
fund_desc_investmentgrade,Investment-grade corporate bonds.,투자 등급 회사채,
fund_desc_material,"Basic materials (metals, paper, etc., stocks and futures).","원자재 (철강, 제지 등, 주식과 선물)",
fund_desc_natural_resource,"Natural resources (oil, mining, paper, and agriculture).","천연자원 (석유, 광산, 제지, 농업)",
fund_desc_realestate,"Real estate (housing, materials, hotels, furnishings).","부동산 (주택, 건축자재, 호텔, 가구)",
fund_desc_retails,"A wide variety of retailers, including restaurants.",식당을 비롯한 다양한 소매점,
fund_desc_service,"Services (media, Internet, cable, advertising, security).","서비스 (미디어, 인터넷, 케이블, 광고, 보안)",
fund_desc_transportation,"Transportation (rail, air, trucking, and shipping).","운송 (철도, 항공, 화물 트럭 운송, 그리고 해운)",
fund_strategies,Fund Strategies,펀드 전략,
greenmail_input,Greenmail which company?,어느 기업을 그린메일 (위협 매수) 하겠습니까?,
greenmail_noheldshare,No privately held shares of @CORPFULL are available for buyback by the corporation at this time....,현재 @CORPFULL의 비공개 주식 중 자사주 매입에 사용 가능한 주식이 없습니다....,
harassing_sue_title,Sue which company?,어느 기업을 고소하겠습니까?,
interestinfo,KEY INTEREST RATE INFO:,주요 금리 정보,
interestinfo_bankcd,BANK (A to AAA) CD RATE *** --   @PCT,은행 (A ~ AAA) CD 금리 *** --   @PCT,
interestinfo_comment1,*   Prime Rate is the interest rate charged by banks on loans to their best customers (those with AAA credit ratings).,*   우대 금리는 은행이 신용등급 AAA의 최우량 고객에게 대출할 때 적용하는 금리입니다.,
interestinfo_consumer,CONSUMER LOANS RATE -- @PCT,소비자 금리 -- @PCT,
interestinfo_federalpolicy,FEDERAL RESERVE MONETARY POLICY: {Neutral|TIGHTENING|EASING|Continued Quantitative Easing|Quantitative Easing|Tightening or Tapering},연방준비제도 통화 정책: {[1]중립|긴축|완화|양적 완화 지속|양적 완화|긴축 또는 테이퍼링},
interestinfo_longb,YTM: GOVT. LONG BOND ** -- @PCT,국채 만기수익률 (장기)**: @PCT,
interestinfo_notice_2,**  YTM: Govt. Long Bond is the Yield to Maturity (YTM) on the most distant maturity of government bonds.,** 'YTM: 국채 장기물'은 국채 중 만기가 가장 긴 최장기 국채의 만기수익률 (YTM)을 나타냅니다.,
interestinfo_notice_2_1,"The Yield to Maturity not only takes into account the interest earned on bonds, but also any difference between the face value at maturity and the current market price.","만기수익률은 채권 이자뿐만 아니라, 만기 시 액면가와 현재 시장가격 간의 차이까지 반영한 수익률입니다.",
interestinfo_notice_2_2,"For example, a 7% bond that matures in 1 year has a 7% yield if it is trading at par (100); but it yields just over 10% if it is trading at a price of 97, since you will also earn a 3-point gain when it matures at 100 (face value) a year later.","예를 들어, 표면금리 7%에 만기가 1년 남은 채권이 액면가 (100)로 거래된다면 수익률은 7%입니다. 하지만 97의 가격으로 거래되고 있다면, 1년 뒤 만기 시 액면가 100으로 상환되면서 3포인트의 차익도 추가로 얻게 되므로, 수익률은 10%를 약간 넘게 됩니다.",
interestinfo_notice_2_3,The rate shown here is the YTM on government bonds maturing in @YEAR.,여기에 표시된 금리는 @YEAR년 만기 국채의 만기수익률 (YTM)을 나타냅니다.,
interestinfo_notice_3,"*** CD Rate is the interest rate that is paid by banks on CDs (Certificates of Deposit), by banks with a credit rating of @RATING1 to @RATING2.","*** CD 금리는 신용등급 @RATING1에서 @RATING2 사이의 은행이 CD, 즉 양도성예금증서에 지급하는 이자율입니다.",
interestinfo_notice_3_1,Higher rates are paid by banks with lower credit ratings.,신용등급이 낮은 은행일수록 예금에 대해 더 높은 이자를 지급합니다.,
interestinfo_notice_3_2,"In W$R, the 'cash' balance of any corporation or player is invested in bank Demand Deposits, which pay no interest, but cash can be shifted into T-bills to earn interest, computed at the Treasury Bill ('T-bill') Rate.","W$R에서는 모든 법인 또는 개인의 '현금' 잔액이 은행 요구불예금에 예치되며, 요구불예금에는 이자가 붙지 않습니다. 다만, 현금을 단기 국채로 옮기면 단기 국채 금리로 계산된 이자를 받을 수 있습니다.",
interestinfo_notice_4,"****SOFR is Secured Overnight Financing Rate, the interest rate banks pay to each other for short-term (overnight) borrowings.","****SOFR은   Secured Overnight Financing Rate의 약자로, 은행들이 하루 동안의 단기 은행 간 대출에 대해 서로 지불하는 금리를 의미합니다.",
interestinfo_notice_4_1,"(In W$R, banks with poor credit ratings pay more than the SOFR rate on their interbank borrowings.)",(W$R에서는 신용등급이 낮은 은행일수록 은행 간 차입 시 SOFR 금리보다 높은 이자를 지불합니다),
interestinfo_prime,PRIME INTEREST RATE * -- @PCT,기준 우대금리 * -- @PCT,
interestinfo_primemortr,PRIME MORTGAGE LOANS RATE -- @PCT,프라임 모기지 대출 금리 -- @PCT,
interestinfo_shortb,YTM: GOVT. SHORT BOND -- @PCT,국채 만기수익률 (단기): @PCT,
interestinfo_sofr,SOFR RATE **** -- @PCT,SOFR 금리 **** -- @PCT,
interestinfo_subprimemorts,SUBPRIME MORT. SECURITIES   -- @PCT,서브 프라임 모기지 증권 -- @PCT,
interestinfo_tbillr,TREASURY BILL (T-BILL) RATE --   @PCT,단기 국채 금리  --   @PCT,
issue_corp_bond_1,@CORPFULL1 can issue up to @AMOUNT million (face value) of bonds. How much (tentatively) do you want @CORPFULL2 to issue (million)?,@CORPFULL1은/는 최대 @AMOUNT M. (액면가)의 채권을 발행할 수 있습니다. @CORPFULL2이/가 (잠정적으로) 얼마를 발행하기를 원하십니까? (단위: M. 달러),
issue_corp_bond_1_title,Issue Corporate Bonds,회사채 발행,
issue_corp_bond_2_1,Change Bond Maturity Date from @YEAR?,채권의 만기 연도를 @YEAR년에서 변경하시겠습니까?,
issue_corp_bond_2_2,"If @CORPFULL issues @AMOUNT of its bonds, maturing in 10 years, the interest rate on the 'straight' bonds would be @PCT%. The greater the number of years to maturity, the higher the interest rate will be. You can set the maturity date at anywhere between 3 years (maturing in @YEAR1) to 20 years (maturing in @YEAR2).","@CORPFULL이/가 10년 만기 @AMOUNT 규모의 회사채를 발행할 경우, 아무런 특약이 붙지 않은 일반 채권의 이자율은 @PCT% 가 될 것 입니다. 만기 기간이 길어질수록 적용되는 금리도 높아집니다. 만기는 최소 3년 (@YEAR1년 만기)부터 최대 20년 (@YEAR2년 만기) 사이에서 자유롭게 지정할 수 있습니다.",
issue_corp_bond_2_3,"(If you decide to issue convertible bonds, the interest rate that would be paid on the bonds would be significantly lower, but the maximum maturity will be limited to 10 years from now.)","(전환 사채를 발행할 경우 채권 금리를 더욱 낮출 수 있지만, 만기년도는 최장 10년까지로 제한됩니다.)",
issue_corp_bond_2_4,"DO YOU WANT TO SEE THE INTEREST RATE FOR A DIFFERENT MATURITY, OTHER THAN 10 YEARS FROM NOW? (FOR 'STRAIGHT' BONDS.)","(일반 채권 기준) 현재 설정된 10년 만기 외에, 다른 만기 기간에 적용되는 금리도 확인하시겠습니까?",
issue_corp_bond_3_1,Enter the number of years until the bonds will mature (3 to 20 years).,채권의 만기 기간을 입력해 주십시오 (3년 ~ 20년 사이).,
issue_corp_bond_3_title,Change Number of Years Till Bonds Will Mature,채권 만기년도 변경,
issue_corp_bond_4_1,"For bonds of @CORPFULL maturing in @YEAR years, issued in the amount you specified, the interest rate on the bonds would be @PCT.",입력한 액수로 발행될 @CORPFULL의 @YEAR년 만기 회사채에는 연 @PCT의 금리가 적용됩니다.,
issue_corp_bond_4_2,Is the @PCT rate and @YEAR-year term acceptable? Answer 'YES' to continue with the sale or to possibly issue convertible bonds.,"만기 @YEAR년, 금리 @PCT의 조건으로 발행을 진행하시겠습니까? 채권 발행을 계속 진행하거나 전환사채 발행을 검토하려면 '네'를 클릭해주십시오.",
issue_corp_bond_4_3,"(Or answer 'NO' if you want to try a different number of years to maturity, and see the effect that would have on the interest rate at which the bonds could be issued.)",(만기 기간을 다시 설정하여 금리 변경을 재확인하고 싶다면 '아니오'를 클릭해 주십시오.),
issue_corp_bond_4_title,Change Bond Maturity Date Again?,채권 만기년도 재변경?,
issue_corp_bond_5_1,"Under current bond market conditions, it appears that @CORPFULL could issue @AMOUNT (face value) of non-convertible bonds, maturing in @YEAR, at an interest rate of @PCT.","현재 채권 시장 상황을 감안할 때, @CORPFULL은/는 만기 @YEAR년, 적용 금리 연 @PCT로 액면가 총액 @AMOUNT 규모로 일반 회사채 (비전환사채)를 발행할 수 있을 것으로 보입니다.",
issue_corp_bond_5_2,"However, the company may be able to issue convertible bonds at a lower interest rate.","다만, 전환사채를 발행할 경우 이보다 더 낮은 금리로 회사채를 발행할 수 있습니다.",
issue_corp_bond_5_3,DO YOU WANT @CORPFULL TO TRY TO ISSUE CONVERTIBLE BONDS?,@CORPFULL이/가 전환 사채를 발행하길 원하십니까?,
issue_corp_bond_5_title,Issue Convertible Bonds?,전환 사채 발행,
issue_corp_bond_6_1,"The underwriters advise that bond market conditions are such that @CORPFULL can probably issue @AMOUNT of new @PCT NON-convertible ('straight') bonds, maturing in @YEAR, and with an initial credit rating of @RATING.","인수단 측 분석에 따르면, 현재 채권 시장 여건상 @CORPFULL은/는 초기 신용등급 @RATING, 만기 @YEAR년, 표면 금리 연 @PCT 조건으로 액면가 총액 @AMOUNT 규모의 신규 일반 회사채 (비전환사채)를 발행할 수 있을 것이라고 전망합니다.",
issue_corp_bond_6_2,"Do you want to issue the bonds on those terms, in that amount?",해당 금액과 조건으로 채권을 발행하시겠습니까?,
issue_corp_bond_6_title,Bond Issuance Decision,발행 결정,
issue_corp_bond_7_1,"The underwriters advise that @CORPFULL can issue convertible bonds that are convertible into the @CORP stock at a price of roughly @PCT1 to @PCT2 above the current stock price of @AMOUNT1, or between @AMOUNT2 and @AMOUNT3.","인수단 측 분석에 따르면, @CORPFULL은/는 현재 주가인 @AMOUNT1보다 약 @PCT1 ~ @PCT2% 높은 주당 @AMOUNT2 ~ @AMOUNT3 수준의 전환가액으로 @CORP의 주식 전환사채를 발행할 수 있을 것이라 전망합니다.",
issue_corp_bond_7_2,"Click on 'OK' to select the conversion price, in that range, in order to see what interest rate would apply. Note that the lower the conversion price, the better (lower) the interest rate will be that will have to be paid in order to float the bonds.","해당 범위 내에서 전환가액을 설정하고 적용 금리를 확인하려면 '네'를 클릭하십시오. 전환가액을 낮게 잡을수록 채권 발행 시 부담해야 하는 금리도 낮아져, 보다 유리하게 회사채를 발행할 수 있습니다.",
issue_corp_bond_8_1,"Enter the tentative desired stock conversion price (between approximately @AMOUNT1 and @AMOUNT2 per share, on advice of the underwriters).",인수단 권고에 따라 희망하는 주식 전환가액을 입력해 주십시오 (주당 약 @AMOUNT1 ~ @AMOUNT2 사이).,
issue_corp_bond_8_title,Select the Conversion Price,전환가액을 설정합니다,
issue_corp_bond_9_1,"Do you want to proceed with possibly issuing 'straight' (non-convertible) bonds, instead?",대신 일반 회사채 (비전환 사채)를 발행하는 방향으로 진행하시겠습니까?,
issue_corp_bond_9_title,Continue?,계속합니까?,
issue_corp_bond_10_1,"@CORPFULL can issue @YEAR-year bonds, convertible into the company's stock at a conversion price of @AMOUNT1 per share, at an interest rate of @PCT. As such, each @AMOUNT2 (face value) bond will be convertible into @SHARE1 shares of @CORP stock (or @SHARE2","@CORPFULL은/는 만기 @YEAR년, 표면 금리 연 @PCT, 주당 전환가액 @AMOUNT1 조건으로 전환사채 (CB)를 발행할 수 있습니다. 이 조건으로 발행할 시 액면가 @AMOUNT2 채권 하나 당 @CORP 주식 @SHARE1주로 전환할 수 있습니다 (채권 1 M. 당 @SHARE2주 비율).",
issue_corp_bond_10_2,DO YOU WISH TO ISSUE THE CONVERTIBLE BONDS WITH THOSE TERMS NOW?,해당 금액과 조건으로 전환사채를 발행하시겠습니까?,
issue_corp_bond_11_convertible1,"@CORPFULL has completed the offering of @AMOUNT of its @PCT convertible bonds, due @YEAR and rated ""@RATING."" (Investment grade)","@CORPFULL은/는 @AMOUNT 규모, 만기 @YEAR년, 표면 금리 연 @PCT, 신용등급 ""@RATING"" 조건의 전환사채를 발행합니다.",
issue_corp_bond_11_convertible2,Each @AMOUNT face value bond is convertible into @SHARE shares of @CORP common stock.,해당 채권은 액면가 @AMOUNT당 @CORP 보통주 @SHARE주로 전환 가능합니다.,
issue_corp_bond_11_title,PUBLIC NOTICE OF BOND OFFERING:,전환사채 발행 공고:,
issue_corp_bond_payoff_input,"How much of its bank debt (up to @AMOUNT million, if any) does @CORPFULL want to pay off with the proceeds of the bond issue?",@CORPFULL은/는 채권 발행 대금으로 은행 대출을 얼마나 상환하고자 합니까? (최대 @AMOUNT M.),
issue_corp_bond_payoff_title,Pay off Bank Debt?,은행 대출을 상환하시겠습니까?,
issue_corp_bond_poor_rating,"The corporation has a low (@RATING) credit rating and the Board of Directors will not permit the buy-back of any of its bonds at this time, unless it can be done at a deeper discount from face value, as doing so at the current market price or call price may jeopardize the company's liquidity, to the detriment of shareholders and trade creditors.","해당 기업은 신용등급이 낮아 (@RATING) 이사회가 현재 자사 채권의 매입을 허용하지 않습니다. 액면가보다 더 크게 할인된 가격이라면 예외이지만, 현재 시장가나 콜 가격으로 매입하면 회사의 유동성이 위험해져 주주와 거래 채권자에게 손해가 될 수 있습니다.",
issue_corp_bond_small_limit,No reputable Wall Street firm will underwrite that small an issue. Issuance canceled.,"월가의 주요 투자은행 중, 이렇게 소규모 주식 발행을 맡아줄 곳은 없습니다. 발행이 취소되었습니다.",
issue_corpbond_nobond,@CORPFULL does not have any bond issue outstanding at present.,@CORPFULL은/는 현재 유통 중인 채권 발행분이 없습니다.,
issue_corpbond_toonew,"@CORPFULL is too new, without an adequate earnings history as yet.",@CORPFULL은/는 설립된 지 얼마 되지 않아 아직 충분한 실적 이력이 없습니다.,
lawfirm_change,Selected:  {Cheap|Average|Expensive} Law Firm,현재 로펌: {저렴한 로펌|일반 로펌|대형 로펌},
lawfirm_change_1,Choose the type of law firm you want to retain.,고용할 로펌을 선택하십시오.,
lawfirm_change_average,Average Law Firm,일반 로펌,
lawfirm_change_average_title,"You have retained the uninspiring (but still expensive) firm of {Browbeat, Floggem & Harassem.|Boring, Frumpy, & Hunkerdown.} (Their motto is: 'At BF & H, our best is {none too good|good enough}.')","조금은 평범하지만 여전히 값비싼 법무법인 {Browbeat, Floggem & Harassem을|Boring, Frumpy, & Hunkerdown을} 선임했습니다. (모토: 'BF & H에서는, {우리가 다하는 최선도 조금은 부족할 수 있습니다.|저희의 최선이면 충분합니다.}')",
lawfirm_change_cheap,Cheap Law Firm,저렴한 로펌,
lawfirm_change_description,They will be representing you or any companies you control in antitrust cases or other litigation.,이 법인은 반독점 소송 및 기타 소송에서 본인과 지배 중인 기업들을 대리해 재판에 나섭니다.,
lawfirm_change_expensive,Expensive Law Firm,대형 로펌,
lawfirm_change_expensive_description,"They may demand your firstborn as an up-front retainer, but these guys are GOOD!","선임료로 첫째 아들을 요구할 수도 있지만, 이들은 정말로 실력 있는 법인입니다!",
lawfirm_change_expensive_title,"You have retained the {illustrious|estimable} 'silk stocking' Wall Street law firm of {Royal, Surly, Curt & Gouge.|Lute, Pillage, Slaughter & Byrne|Rich, Snooty, Noble & Whiteshoe.} (Their motto: {'Better to pay us, than your worst enemy.'|'If you have to ask about our rates, you can't afford us.'})","명성 높은 '귀족주의' 월스트리트 법무법인 {[2]Royal, Surly, Curt & Gouge를|Lute, Pillage, Slaughter & Byrne을|Rich, Snooty, Noble & Whiteshoe를} 선임했습니다. (모토: {[3]'원수에게 돈을 뜯기느니 저희에게 지불하는 편이 낫습니다.'|'저희 수임료를 물어봐야 할 정도라면, 이미 감당할 수 없으신 겁니다.'})",
lawfirm_change_header,Congratulations.,축하합니다.,
lawfirm_change_low_description,"They've never won a big case before, but yours could be their first.","이들은 지금까지 대형 사건에서 승소해 본 적은 단 한 번도 없지만, 혹시 압니까? 이 사건이 이들의 첫 승리 기록이 될지도 모르죠…",
lawfirm_change_low_title,"You have retained the storefront (storebought) law firm of {Shyster, Finagle & Fleecem.|Fastbuck, Lowball & Whiplash.|Barratry, Champerty & Maintenance|Malfeasance, Slips & Falls, P.C.|Lye, Cheet & Steele.} (Their motto: {'We aren't really that bad.'|'We'll sue anyone, any time, for anything; for a fee.'})","싸구려 삼류 법무법인 {Shyster, Finagle & Fleecem을|Fastbuck, Lowball & Whiplash를|Barratry, Champerty & Maintenance를|Malfeasance, Slips & Falls, P.C.를|Lye, Cheet & Steele을} 선임했습니다. (모토: {'저희 그렇게 나쁘지 않습니다.'|'돈만 된다면 누구든, 무슨 이유로든 고소합니다.'})",
lawfirm_change_price,"NOTE RE FEES: Their typical fee in a $ 1,000 M. damage suit, if it goes to trial, would be about $ @AMOUNT M.","수임료 안내: $ 1,000 M. 규모의 손해배상 소송이 재판까지 진행될 경우, 통상 수임료는 약 @AMOUNT M.입니다.",
lawfirm_change_title,Select Your Law Firm,로펌 선택,
lawsuit_antitrust_cheat,"Case dismissed, as the remainder of this game is being played without any private (corporate) antitrust suits, since a player selected the cheat that eliminates such lawsuits. Your companies can't be sued now, but they can't file antitrust lawsuits, either.","소송이 기각되었습니다. 한 플레이어가 민간(기업) 반독점 소송을 없애는 치트를 선택했으므로, 이번 게임의 남은 기간 동안 민간 반독점 소송은 진행되지 않습니다. 이제 지배 중인 기업들은 소송을 당하지 않지만, 반독점 소송을 제기할 수도 없습니다.",
lawsuit_antitrust_control,"You have a conflict of interest, since you also control @CORPFULL.",당신은 @CORPFULL도 지배하고 있으므로 이해 상충에 해당합니다.,
lawsuit_antitrust_damage_input,"Enter amount of damages @CORPFULL seeks from the defendant, limited to the lesser of @AMOUNT1 million or the net worth of the defendant, but not less than @AMOUNT2 Million (limit shown below):","@CORPFULL이/가 피고에게 청구할 손해배상액을 입력하십시오. @AMOUNT1 M.과 피고의 순자산 중 적은 금액을 넘을 수 없으며, 최소 @AMOUNT2 M. 이상이어야 합니다 (한도는 아래 표시):",
lawsuit_antitrust_damage_title,Enter AntiTrust Damages,반독점 손해배상액 입력,
lawsuit_damages_claim,@CORPFULL {[1]seeks|is claiming} damages of @AMOUNT million.,@CORPFULL이/가 @AMOUNT M.의 손해배상을 {[1]청구했습니다|청구하고 있습니다}.,
lawsuit_fee,Estimated legal fees will be: @AMOUNT million if the case goes to trial (less if settled).,예상 소송 비용: 재판까지 갈 경우 @AMOUNT M. (합의 시 더 적음).,
lawsuit_filed,The lawsuit will be filed.,소송이 제기됩니다.,
lawsuit_harassing_input,How much (100 to 500 million) does @CORPFULL want to spend on legal fees?,@CORPFULL이/가 법률 비용으로 얼마 (1억 ~ 5억)를 지출하기를 원합니까?,
lawsuit_harassing_price,The latter's legal fees are expected to be approximately @AMOUNT million.,후자의 법률 비용은 약 @AMOUNT M.이 될 것으로 예상됩니다.,
lawsuit_harassing_result,A lawsuit has been filed by @CORPFULL1 vs. @CORPFULL2.,@CORPFULL1이/가 @CORPFULL2을/를 상대로 소송을 제기했습니다.,
lawsuit_harassing_title,Legal Fees for Phony Lawsuit,허위 소송 비용,
lawsuit_settle_input,"{[1]One last thing.|''} You are suing for @AMOUNT million, but your lawyers need to know: What lesser amount would you be willing to accept to settle the case?","{[1]마지막으로 하나 더 확인하겠습니다.|''} 당신은 @AMOUNT M.을 청구하고 있지만, 변호인단은 알아야 합니다: 합의를 위해 받아들일 수 있는 더 적은 금액은 얼마입니까?",
lawsuit_settle_intro,One last thing.,마지막으로 하나 더 확인하겠습니다.,
lawsuit_settle_title,Minimum You Would Settle Case For?,합의 가능한 최소 금액을 설정하십시오.,
lbo_borrow_more,@CORPFULL will need to borrow more funds to complete the transaction....,@CORPFULL은/는 거래를 완료하려면 추가로 자금을 차입해야 합니다....,
lbo_buyback_notpermit,@CORP's credit would be severely impaired by that large a buyback. The Board of Directors will not permit it.,그 정도 규모의 자사주 매입은 @CORP의 신용도를 심각하게 훼손합니다. 이사회는 이를 허용하지 않습니다.,
lbo_decision_1,"The LBO tender offer can be made at a stock price of @AMOUNT1 per share, or @PCT above the current market price of @CORP's stock, for a total cost of @AMOUNT2 million (plus legal fees), subject to arranging financing and obtaining all necessary approvals.","LBO 공개매수는 주당 @AMOUNT1, 즉 현재 @CORP 주가보다 @PCT 높은 가격으로 진행할 수 있으며, 총비용은 @AMOUNT2 M.(법률 비용 별도)입니다. 단, 자금을 조달하고 필요한 모든 승인을 받아야 합니다.",
lbo_decision_2,DO YOU WISH TO PROCEED WITH ATTEMPTING THE BUY-BACK?,자사주 매입을 진행하시겠습니까?,
lbo_decision_title,LBO Decision Required,LBO 결정 필요,
lbo_input_1,@CORPFULL - - LBO,@CORPFULL - - 차입매수 (LBO),
lbo_input_2,Enter the percentage of the stock of @CORPFULL1 you want @CORPFULL2 to buy back from the public. @PCT of its stock is available.,@CORPFULL2이/가 일반 주주로부터 되사들일 @CORPFULL1 주식의 비율을 입력하십시오. 매입 가능한 주식은 @PCT입니다.,
lbo_input_title,Leveraged Buyout on Behalf of @CORPFULL,@CORPFULL 명의의 차입매수 (LBO),
lbo_more_networth_limit,@CORP cannot pay out more than its net worth in the buyback!,@CORP은/는 자사주 매입에 순자산보다 많은 금액을 지출할 수 없습니다!,
lbo_transaction_price,PRICE WAS @AMOUNT MILLION,매입 금액: @AMOUNT M.,
lbo_trasaction_title,TRANSACTION COMPLETED.... TOTAL BUYBACK,거래 완료.... 총 자사주 매입,
legal_fee_deductible_not,(Note: The legal fees incurred are not deductible for income tax purposes.),(참고: 이때 발생한 법률 자문 비용은 세금 공제 대상이 아닙니다),
legal_fee_deductible_yes,(Note: The legal fees incurred are deductible for income tax purposes.),(참고: 이때 발생한 법률 자문 비용은 세금 공제 대상입니다),
legal_fee_tenderoffer,@PLAYER incurred legal fees of @AMOUNT million in connection with this attempted tender offer.,@PLAYER은/는 이번 공개매수 시도와 관련해 @AMOUNT M.의 법률 수수료를 지출했습니다.,
liquidate_warning_parent_1,"Because the stock of @CORP1 trades at a large premium over its book value (net worth), any type of liquidation, taxable or not, will reduce the book value of @CORPFULL1, potentially reducing its stock price and lowering its credit rating.","@CORP1의 주가는 장부가 (순자산) 대비 큰 프리미엄이 붙어 거래되고 있으므로, 과세 여부와 관계없이 어떤 형태로 청산하든 @CORPFULL1의 장부가가 줄어들어 주가 하락과 신용등급 하락으로 이어질 수 있습니다.",
liquidate_warning_parent_1_note,(This is because the net assets @CORPFULL1 will receive in liquidation will be worth far less than the value of the @CORP1 shares currently shown on @CORPFULL2's financial balance sheet.),(청산으로 @CORPFULL1이/가 받게 될 순자산의 가치가 현재 @CORPFULL2의 대차대조표에 계상된 @CORP1 주식의 가치보다 훨씬 낮기 때문입니다.),
liquidate_warning_parent_2,DO YOU WANT TO BEGIN THE PROCESS OF LIQUIDATING @CORPFULL NOW?,지금 @CORPFULL의 청산 절차를 시작하시겠습니까?,
liquidate_warning_parent_title,Effect on Parent Company's Balance Sheet,모회사 대차대조표에 미치는 영향,
liquidation_tax_disapproved,"The liquidation of @CORPFULL, ({[1]bank|insurance company}) is not permitted, since it is not 100% owned by another {[1]bank|insurance company}, and the transaction has thus been disapproved by government {[1]banking|insurance} regulators in {[2]the |''}@COUNTRY.","@CORPFULL ({[1]은행|보험사})의 청산은 허용되지 않습니다. 해당 {[1]은행은|보험사는} 다른 {[1]은행|보험사}의 100% 소유 기업이 아니므로, @COUNTRY 정부 {[1]금융|보험} 규제 당국이 이 거래를 불승인하였습니다.",
loan_denied,LOAN APPLICATION IS DENIED.,대출 신청이 거절되었습니다.,
loan_denied_noloc,@PLAYER has no unused line of credit at this time.,@PLAYER은/는 현재 사용 가능한 신용한도가 없습니다.,
loans_buisiness_loan,LIST OF BUSINESS LOAN CUSTOMERS OF @CORPFULL:,@CORPFULL의 기업 대출 고객 목록:,
loans_buisiness_loan_1,LIST OF BUSINESS LOAN CUSTOMERS OF @CORPFULL: (U.S. Dollar amounts shown in millions),@CORPFULL의 기업 대출 고객 목록:,
loans_buisiness_loan_c,_C - Denotes loan to entity controlled by another corporation.,_C - 다른 법인이 지배하는 대상에 대한 대출을 나타냅니다.,
loans_buisiness_loan_h,_H - Denotes loan to entity controlled by hostile player,_H - 적대 세력이 지배하는 대상에 대한 대출을 나타냅니다.,
loans_buisiness_loan_p,_P - Denotes loan to entity controlled by @PLAYER,_P - @PLAYER이/가 지배하는 대상에 대한 대출을 나타냅니다,
merger_1,"The estimated legal, accounting and other costs of completing this merger, for @CORPFULL, will be roughly @AMOUNT million.","이번 합병 완료에 소요될 예상 법률, 회계 및 기타 비용은 @CORPFULL 기준 약 @AMOUNT M.입니다.",
merger_2,"(Or some percentage of that amount, if the merger is aborted.)","(합병이 무산될 경우, 이 금액의 일부만 소요될 수 있습니다.)",
merger_3,Are you sure you want to proceed with the proposed merger of @CORPFULL1 and @CORPFULL2?,@CORPFULL1와 (과) @CORPFULL2의 합병을 진행하시겠습니까?,
merger_approved_1,THE MERGER HAS BEEN APPROVED BY @PCT OF THE SHAREHOLDERS OF @CORPFULL,@CORPFULL 주주의 @PCT가 이번 합병을 승인했습니다,
merger_approved_2,... NOW WAITING FOR GOVERNMENT APPROVAL OF THE MERGER....,... 현재 정부의 합병 승인을 기다리는 중....,
merger_approved_3,(Click on 'OK' to continue and see results of government ruling),('확인'을 클릭하면 정부 판결 결과를 볼 수 있습니다),
merger_approved_result,{[1]...|''} GOVERNMENT APPROVAL OF MERGER OF @CORPFULL1 AND @CORPFULL2 OBTAINED....,{[1]...|''} @CORPFULL1과/와 @CORPFULL2의 합병에 대한 정부 승인이 완료되었습니다....,
merger_bank_not_approve,THE GOVT. BANKING COMMISSION WILL NOT APPROVE THE MERGER OF @CORPFULL1 AND @CORPFULL2 AT THIS TIME....,정부 은행위원회는 현재 @CORPFULL1과/와 @CORPFULL2의 합병을 승인하지 않을 것입니다....,
merger_controllboth,"The underwriters have done a 'fairness' valuation study, since you control both companies, and concluded that a fair offering price per share would be a premium in the range of @PCT1 to @PCT2 above the current market price of @CORP.","양쪽 기업을 모두 지배하고 있으므로, 인수단이 '공정성' 평가를 실시했으며, 공정한 공개매수 가격은 @CORP의 현재 시장가 대비 @PCT1 ~ @PCT2의 프리미엄 범위가 적절하다는 결론을 내렸습니다.",
merger_fraud_warning_1,FROM: Acquisitions Department,발신: 인수합병 부서,
merger_fraud_warning_2,SUBJ: Warning re possible phony accounting {[1]At @CORPFULL|''},제목: {[1]@CORPFULL의 회계 분식|회계 분식} 가능성에 대한 경고,
merger_fraud_warning_3,"You need to consider whether you really want to do this transaction. The yellow lights are flashing, according to your outside CPA firm, @FACT.","외부 회계법인인 @FACT 에 따르면, 이번 거래는 노란색 경고등이 켜진 상태나 다름 없으므로 이대로 진행할 것인지 신중하게 검토할 필요가 있습니다.",
merger_fraud_warning_4,"They've spent three weeks doing intensive due diligence work, going over the books of @CORPFULL.",회계법인은 3주 동안 @CORPFULL 의 장부를 샅샅이 뒤지며 집요하게 실사 작업을 진행했습니다.,
merger_fraud_warning_5,"Everything SEEMS to check out, they say, but the partner in charge of the auditing team sent in to go over the target company's books has a ""feeling"" that something may be very fishy about @CORPFULL's financial records.","겉보기에는 모든 것이 정상인 것처럼 보이지만, 회사의 회계 장부를 조사하기 위해 투입된 감사 담당 회계 법인은 @CORPFULL 의 재무 기록에 무언가 수상한 점이 있다는 느낌을 지우지 못하고 있습니다.",
merger_fraud_warning_6,"As the audit partner put it, ""Something here just doesn't smell Kosher. I wonder if this whole company isn't just a an empty shell....Remember the Equity Funding scam back in the '70s? And the Bre-X phony gold mine caper in the '90s? And Enron? I just don't know about this company -- this thing looks just a bit too good to be true.... It doesn't meet the 'smell test,' in my view....""","감사 파트너의 표현을 빌리자면 다음과 같습니다. ""무언가 깔끔하지 못한 구석이 있습니다. 이 회사 전체가 그저 껍데기뿐인 유령회사가 아닌지 의심스러울 정도입니다. 70년대의 에퀴티 펀딩 사기 사건이나 90년대의 브렉스 가짜 금광 사건, 그리고 엔론 사태를 기억하십니까? 저는 이 회사를 도무지 믿을 수가 없습니다. 상황이 너무 완벽해서 오히려 수상할 지경입니다. 제 관점에서는 직관적인 검증조차 통과하지 못하고 있습니다.""",
merger_fraud_warning_7,"YOUR DECISION?  Click on ""YES"" to go ahead with the proposed merger, or ""NO"" to cancel it.","어떤 결정을 내리시겠습니까? 합병을 진행하려면 ""예"", 취소하려면 ""아니오""를 클릭하십시오.",
merger_input,Enter the percent (from @PCT1 to @PCT2) over market price you wish to offer for the stock of @CORPFULL (@CORP):,@CORPFULL (@CORP) 주식에 대해 시장가 대비 몇 퍼센트 (@PCT1 ~ @PCT2)의 프리미엄을 제시하시겠습니까:,
merger_input_title,Enter Merger Premium %,합병 프리미엄 % 입력,
merger_memo_title,INTERNAL MEMO TO CONTROLLING SHAREHOLDER OF:,지배 주주 앞 내부 메모:,
merger_notapproved,"Proposed @CORP1 merger with @CORP2 not approved, and is canceled.",@CORP1과/와 @CORP2의 합병안이 승인되지 못해 무산되었습니다.,
merger_offer_1,"@CORPFULL1 (@CORP1) is offering to acquire all the stock of @CORPFULL2 (@CORP2) in a stock-for-stock merger, at a price of @AMOUNT1 a share, a @PCT premium over the current price of @AMOUNT2 per share for @CORP3.","@CORPFULL1(@CORP1)이/가 @CORPFULL2(@CORP2)의 전체 주식을 주당 @AMOUNT1, 현재가 @AMOUNT2 대비 @PCT 프리미엄의 주식교환 방식으로 인수하겠다고 제안했습니다 (@CORP3 기준).",
merger_offer_2,You own @PCT of @CORPFULL.,@CORPFULL 지분 @PCT를 보유하고 있습니다.,
merger_offer_3,"On or about @MONTHDAY, you will be able to vote these shares of @CORP, for or against the proposed merger.","@MONTHDAY쯤 되면, 합병 제안에  @CORP의 의결권을 행사하여, 찬성하거나 반대할 수 있게 됩니다.",
merger_offer_ownpct,@CORPFULL1 owns @PCT of @CORPFULL2.,@CORPFULL1은/는 @CORPFULL2 지분의 @PCT를 보유하고 있습니다.,
merger_reject1,ONLY @PCT OF @CORPFULL'S STOCKHOLDERS VOTED 'YES'...,@CORPFULL 주주 중 @PCT만이 '찬성'에 투표했습니다....,
merger_reverse_body,"DO YOU WANT @CORPFULL1 TO BE THE ACQUIRING COMPANY, SINCE IT ALREADY OWNS STOCK IN @CORPFULL2?","@CORPFULL1이/가 이미 @CORPFULL2의 주식을 보유하고 있으므로, @CORPFULL1을/를 인수 기업으로 지정하시겠습니까?",
merger_reverse_title,Reverse Merger?,역합병?,
merger_stockholders_opposed,@CORPFULL's stockholders strongly opposed the merger bid from a smaller company.,@CORPFULL 주주들은 규모가 더 작은 기업의 합병 제안에 강하게 반대했습니다.,
merger_target,Merge with which company?,어느 회사와 합병하시겠습니까?,
merger_taxloss_warning_1,Loss of Potential Tax Benefits if @CORP1 is Liquidated,@CORP1 청산 시 잠재적 세제 혜택 손실,
merger_taxloss_warning_2,"@CORPFULL2 could generate a large tax loss by selling off the stock of @CORPFULL1 (@CORP1) or by doing a TAXABLE liquidation of @CORP1, instead of a ""non-taxable"" liquidation.","@CORPFULL2은/는 ""비과세"" 청산 대신 @CORPFULL1(@CORP1)의 주식을 매각하거나 @CORP1의 과세 청산을 진행할 경우, 막대한 세무상 손실이 발생할 수 있습니다.",
merger_taxloss_warning_3,Are you sure want to do a NON-taxable liquidation of @CORP1?,@CORP1의 비과세 청산을 진행하시겠습니까?,
merger_title,Merger on Behalf of @CORPFULL,@CORPFULL 대리 합병,
merger_unanimously_against,@CORPFULL SHAREHOLDERS HAVE UNANIMOUSLY VOTED AGAINST THE MERGER...,@CORPFULL 주주들이 만장일치로 합병에 반대했습니다...,
merger_voting_1,"@CORPFULL1 (@CORP1) is offering to acquire all the stock of @CORPFULL2 (@CORP2) in a stock-for-stock merger, at a @PCT premium over the current price of @AMOUNT per share.",@CORPFULL1(@CORP1)이/가 @CORPFULL2(@CORP2)의 전체 주식을 현재가 대비 @PCT 프리미엄인 주당 @AMOUNT의 주식교환 방식으로 인수하겠다고 제안했습니다.,
merger_voting_2,@CORPFULL is a company with a credit rating of '@RATING.',@CORPFULL은/는 신용등급 '@RATING'인 기업입니다.,
merger_voting_4,The acquirer's stock trades at @PCT of net worth per share.,인수 기업의 주가는 순자산가치 대비 @PCT 수준에서 거래되고 있습니다.,
merger_voting_5,Does @PLAYER wish to vote his/her holdings of @CORPFULL in favor of the merger?,@PLAYER이/가 자신이 보유한 @CORPFULL 지분에 대한 경영권을 합병 찬성으로 행사하기를 원합니까?,
merger_voting_industry,Both companies are in the @IND industry.,두 기업 모두 @IND 업종에 속해 있습니다.,
merger_voting_largecarryover,"The acquiring company has a large tax loss carryover of @AMOUNT million, which can shelter income of the combined companies after a merger/takeover.","인수 기업은 @AMOUNT M.에 달하는 대규모 이월 결손금을 보유하고 있어, 합병/인수 후 결합 법인의 소득을 절세하는 데 활용할 수 있습니다.",
merger_voting_marketcap,"Its market cap is roughly {[1]@RATIO times as large as|@PCT1 as large as|@PCT1 larger than|@PCT1 smaller than} @CORP's{[2], and its stock has risen @PCT2 in the last year|, and its stock has fallen @PCT2 in the last year|, and its stock is down @PCT2 in the last year|, and its stock is up @PCT2 in the last year|''}.",시가총액은 @CORP{[1]의 약 @RATIO배 수준입니다|의 약 @PCT1 수준입니다|보다 약 @PCT1 큽니다|보다 약 @PCT1 작습니다}. {[2]주가는 지난 1년간 @PCT2 상승했습니다.|주가는 지난 1년간 @PCT2 하락했습니다.|주가는 지난 1년간 @PCT2 하락했습니다.|주가는 지난 1년간 @PCT2 상승했습니다.|''},
merger_voting_no,A 'NO' vote will kill the merger.,'아니오'로 투표하면 합병이 무산됩니다.,
merger_voting_own,You own a large number of shares of @CORPFULL.,@CORPFULL 주식을 다량 보유하고 있습니다.,
merger_voting_ready,"@CORP1 shareholders ready to vote on a merger offer from @CORP2, which is offering a significant premium over the current stock price of @CORPFULL, in a proposed stock-for-stock takeover transaction.","@CORP2가 @CORPFULL의 현 주가보다 높은 프리미엄을 얹어 주식 교환 방식의 인수 합병을 제안함에 따라, @CORP1 주주들이 해당 합병안 표결을 앞두고 있습니다.",
merger_voting_result2,The proposed merger of @CORPFULL1 and @CORPFULL2 has been approved by shareholders of @CORPFULL3 and all necessary government approvals have been obtained. @CORPFULL4 is now a wholly-owned subsidiary of @CORPFULL5.,"@CORPFULL1과 @CORPFULL2의 합병안이 @CORPFULL3 주주 총회에서 찬성으로 통과되었으며, 필요한 정부 승인 절차도 모두 완료되었습니다. 이로써 @CORPFULL4는 @CORPFULL5의 완전 자회사로 편입되었습니다.",
merger_voting_stockpercent,(@PCT of @CORP stock.),(@CORP 주식의 @PCT.),
merger_voting_title,Vote For/Against Merger,합병 찬성/반대 투표,
merger_voting_yn,Does @CORPFULL1 wish to vote its holdings of @CORPFULL2 in favor of the merger?,@CORPFULL1이/가 @CORPFULL2 지분에 대한 경영권을 합병 찬성으로 행사하기를 원합니까?,
non_taxable_liquidation_dispose_note,NOTE: @CORPFULL may be able to qualify for a tax-free liquidation if it first disposes of all of its capital assets (business operating assets).,참고: @CORPFULL이/가 먼저 모든 자본자산 (영업 자산)을 처분하면 비과세 청산 요건을 충족할 수도 있습니다.,
prepay_1,Enter the amount of estimated income tax you wish to prepay for this year.,올해 선납하고자 하는 예상 소득세 금액을 입력하십시오.,
prepay_2,Any overpayment will be refunded at year-end.,초과 납부한 금액은 연말에 환급됩니다.,
prepay_3,(Maximum possible payment at this time is @AMOUNT million.),(현재 지불할 수 있는 최대 금액은 @AMOUNT M. 입니다),
prepay_title,@PLAYER -- Prepay Income Tax,@PLAYER -- 소득세 선납,
private_stock_offer_1,Do you want @CORPFULL to sell stock to you (@PLAYER) or a company you control?,@CORPFULL이/가 신주를 @PLAYER 또는 지배 중인 법인에 발행하도록 하시겠습니까?,
private_stock_offer_player_1,Issue to @PLAYER?,@PLAYER에게 발행하시겠습니까?,
private_stock_offer_player_2,Do you want @CORPFULL to sell new stock directly to you (player)?,@CORPFULL이/가 신주를 개인 명의로 직접 매도하도록 하시겠습니까?,
private_stock_offer_player_3,@CORPFULL1 has @SHARES1 million shares of stock outstanding. How many million shares of new stock does @CORPFULL2 wish to sell to you? [@SHARES2 to @SHARES3 million shares.],@CORPFULL1의 현재 발행 주식 수는 @SHARES1 M. 주입니다. @CORPFULL2이/가 개인 명의로 신주를 몇 M. 주 매도하시겠습니까? [@SHARES2 ~ @SHARES3 M. 주],
private_stock_offer_player_result,@CORP issues stock to @PLAYER for cash.,@CORP이/가 @PLAYER에게 현금을 대가로 주식을 발행했습니다.,
private_stock_offer_related_1,Enter the stock symbol of your controlled company (not a bank) that @CORPFULL wishes to issue (sell) stock to:,"@CORPFULL이/가 지배하는 기업 (은행 제외) 중, 사모주를 발행 (매각)할 기업의 티커를 입력하십시오:",
private_stock_offer_related_result_1,Unable to complete transaction: @CORPFULL has insufficient cash and/or line of credit for the purchase.,거래를 완료할 수 없습니다: @CORPFULL은/는 매입에 필요한 현금 또는 신용한도가 부족합니다.,
private_stock_offer_related_title,Private Stock Sale to Related Company by:,관련 기업에 대한 사모주 발행:,
private_stock_offer_result_2,(Answer 'NO' to let your brokers find an unrelated company as an investor.),('아니오'를 선택하면 브로커가 지배 관계가 없는 기업을 투자자로 찾아줍니다.),
private_stock_offer_result_venture,@CORPFULL1 has @SHARES1 million shares of stock outstanding. How many million shares of new stock does @CORPFULL2 wish to sell to a venture capital investor? [@SHARES2 to @SHARES3 million shares.],@CORPFULL1의 현재 발행 주식 수는 @SHARES1 M. 주입니다. @CORPFULL2이/가 벤처캐피털 투자자에게 신주를 몇 M. 주 매도하시겠습니까? [@SHARES2 ~ @SHARES3 M. 주],
private_stock_offer_title,Issue Stock to Controlled Entity?,지배 관계에 있는 법인에 주식을 발행하시겠습니까?,
privateoffering_uw_fail_after_private,SORRY... THE UNDERWRITERS (@UW) SAY THEY CANNOT DO ANOTHER PRIVATE OFFERING SO SOON AFTER THE LAST SUCH OFFERING BY @CORP,죄송합니다... 인수단 (@UW)에 따르면 @CORP의 직전 사모 이후 기간이 너무 짧아 추가 사모 발행이 어렵다고 합니다.,
privateoffering_uw_fail_after_public,SORRY... THE UNDERWRITERS (@UW) SAY THEY CANNOT FIND AN INVESTOR FOR THIS PRIVATE OFFERING SO SOON AFTER THE COMPANY'S LAST PUBLIC STOCK SALE....,죄송합니다... 인수단 (@UW)에 따르면 직전 공모 이후 기간이 너무 짧아 이번 사모의 투자자를 찾지 못했습니다....,
public_stock_offer_1,@CORPFULL1 has @SHARES1 million shares of stock outstanding. How many million shares of new stock does @CORPFULL2 wish to sell in a public offering? [@SHARES2 to @SHARES3 million shares.],@CORPFULL1의 현재 발행 주식 수는 @SHARES1 M. 주입니다. @CORPFULL2이/가 공모를 통해 신주를 몇 M. 주 발행하시겠습니까?[@SHARES2 ~ @SHARES3 M. 주],
public_stock_offer_notyet_body,"The underwriters (@CORPFULL1), say @CORPFULL2 is too new a company, and needs more 'seasoning' and an earnings 'track record' of a few years before they can do an IPO of its stock.","인수단 (@CORPFULL1)은 @CORPFULL2가 아직 신생 기업이라, IPO를 진행하기 전에 몇 년간의 '숙성 기간'과 실적 '트랙 레코드'가 더 필요하다고 밝혔습니다.",
public_stock_offer_notyet_title,The company will have to wait another year or two.,해당 기업은 앞으로 1 ~ 2년은 더 기다려야 할 것으로 보입니다.,
public_stock_offer_result,@CORP raises @AMOUNT million in {IPO|private offering of stock}.,@CORP이/가 {IPO를 통해|사모 방식의 주식 발행으로} @AMOUNT M.을/를 조달했습니다.,
public_stock_offer_small,"Enter an amount from 500 to 2,500 mil. shares","500 ~ 2,500 M. 주 사이의 수량을 입력하십시오.",
public_stock_offer_title,Stock Offering by @CORP,주식 발행: @CORP,
publicoffering_etf_result,@CORP has raised @AMOUNT in a public offering of its stock.,@CORP이/가 주식 공모를 통해 @AMOUNT를 조달했습니다.,
publicoffering_uw_fail_too_soon,SORRY... THE UNDERWRITERS (@UW) SAY @CORPFULL CAN'T GO BACK TO THE MARKET WITH ANOTHER PUBLIC OFFERING SO SOON.... PERHAPS LATER....,죄송합니다. 인수단 (@UW)에 따르면 @CORPFULL은/는 공모를 재개하기에 아직 이릅니다. 나중에 다시 시도하십시오.,
recall_advance_forgive_desc_1,"@CORP has too poor a credit rating at present. It cannot make the proposed repayment of this subordinated debt, under its loan covenants, as its credit rating would still be less than ""@RATING1"" (""@RATING2"") after such repayment.","@CORP은/는 현재 신용등급이 너무 낮습니다. 상환 후에도 신용등급이 ""@RATING1"" 미만 (""@RATING2"")이므로, 대출 약정상 이 후순위 채무를 상환할 수 없습니다.",
recall_advance_forgive_desc_2,"Do you wish to try to improve its credit rating, by forgiving part of your advances (loans) to @CORPFULL?",@CORPFULL에 대한 대여금 (대출) 일부를 면제해 신용등급 개선을 시도하시겠습니까?,
recall_advance_forgive_input,"Enter the whole percentage (from 1 to 100%) of your advance to @CORP that you wish to forgive, and write-off as a bad debt.",@CORP에 대한 대여금 중 면제하고 대손 처리할 비율을 정수 (1 ~ 100%)로 입력하십시오.,
recall_advance_forgive_result1,@PCT of advances from @PLAYER1 to @CORPFULL written off (forgiven) by @PLAYER2.,@PLAYER2이/가 @CORPFULL에 대한 @PLAYER1의 대여금 중 @PCT를 대손 처리 (면제)했습니다.,
recall_advance_forgive_result2,"(The debt forgiveness is treated as a capital contribution, since @PLAYER1 owns @PCT of the stock of @CORP. It therefore increases the tax basis of the stock owned by @PLAYER2.)","(@PLAYER1이/가 @CORP 주식의 @PCT를 보유하고 있으므로 채무 면제는 자본 출자로 처리되며, 따라서 @PLAYER2이/가 보유한 주식의 세무 기준가 (취득원가)가 증가합니다.)",
recall_advance_forgive_title,Forgiveness of Debt,채무 면제,
recall_advance_forgive_title2,Forgive Advances To @CORP,@CORP에 대한 대여금 면제,
recall_advance_input,"Enter the amount of funds you wish for @CORPFULL to repay, of the total you have advanced to it (@AMOUNT M.)",@CORPFULL에 대여한 총액 (@AMOUNT M.) 중 상환받을 금액을 입력하십시오,
recall_advance_title,Recall Advanced Funds from @CORP,@CORP에 대한 대여금 회수,
reconstructure_notpermit,"@CORPFULL's Board of Directors will not permit any write-off at this time, on advice of its outside auditors and legal counsel, due to possible legal liability.","@CORPFULL 이사회는 잠재적 법적 책임 문제로 인해, 외부 감사인 및 법률 자문의 조언에 따라 이번에는 상각을 허용하지 않기로 결정했습니다.",
repay_1,@PLAYER owes @CORPFULL @AMOUNT million:  How much do you want to repay?,@PLAYER은/는 @CORPFULL에 @AMOUNT M.의 채무가 있습니다: 얼마를 상환하시겠습니까?,
repay_2,"(Your loan balance, or if less, the total of available liquid funds is:)",(대출 잔액과 사용 가능한 유동 자금 총액 중 더 적은 금액은 다음과 같습니다:),
repay_no,@PLAYER doesn't owe on any bank loans at this time.,@PLAYER은/는 현재 은행 대출 채무가 없습니다.,
replay_advance_input,"Enter the amount of the advance that you wish to have @CORP1 repay to player @PLAYER: @CORP2 can repay up to @AMOUNT mil., with no pre-payment penalty.",@CORP1이/가 @PLAYER에게 상환할 대여금 금액을 입력하십시오. @CORP2은/는 중도상환 수수료 없이 최대 @AMOUNT M.까지 상환할 수 있습니다.,
replay_advance_title,Repay Advance from @PLAYER?,@PLAYER의 대여금을 상환하시겠습니까?,
reserve_takeback_input,"You can take back an amount up to the full balance in the reserve, which will decrease the reserve but will INCREASE EARNINGS for this quarter. (You can change this earnings 'adjustment' or cancel it at any time before the next earnings release.)","적립금 잔액 전액까지 환입할 수 있으며, 이 경우 적립금은 줄어들지만 이번 분기 이익은 증가합니다. (이 이익 '조정'은 다음 실적 발표 전까지 언제든 변경하거나 취소할 수 있습니다.)",
resignceo_1,"If you resign your position, you will lose your seniority, which could be a valuable asset if you are able to increase @CORP's earnings for several consecutive years, by 15% each year.","사임하면 재임 경력이 사라집니다. @CORP의 이익을 여러 해 연속으로 매년 15%씩 늘릴 수 있다면, 재임 경력은 귀중한 자산이 될 수 있습니다.",
resignceo_2,ARE YOU SURE YOU WISH TO RESIGN YOUR POSITION?,정말 현재 직위에서 사임하시겠습니까?,
resignceo_3,"(Of course, you would have to regain control of @CORP in order to remain employed past the end of this year.)",(물론 올해 말 이후에도 자리를 유지하려면 @CORP의 경영권을 다시 확보해야 합니다.),
resignceo_4,"If you resign your position as CEO of @CORPFULL, you will lose your seniority, which can be a valuable asset if you are able to increase @CORP's earnings for several consecutive years, by 15% each year, in order to earn large bonuses.","@CORPFULL의 CEO직에서 사임하면 재임 경력이 사라집니다. @CORP의 이익을 여러 해 연속으로 매년 15%씩 늘려 큰 보너스를 받을 수 있다면, 재임 경력은 귀중한 자산이 될 수 있습니다.",
resignceo_5,"But remember that since you no longer control the company's Board of Directors, you will be fired from your position as CEO of @CORP at the end of this year, unless you regain control of the company.","다만 현재 이사회를 지배하고 있지 않으므로, 경영권을 되찾지 못하면 올해 말 @CORP의 CEO직에서 해임된다는 점을 기억하십시오.",
resignceo_6,"ARE YOU SURE YOU WISH TO RESIGN YOUR CURRENT CEO POSITION, IN ORDER TO BECOME CEO OF @CORPFULL{?|''}",@CORPFULL의 CEO가 되기 위해 정말 현재 CEO직에서 사임하시겠습니까{?|''},
resignceo_title,Loss of Seniority,재임 경력 상실,
resignceo_title2,Loss of Seniority at @CORP,@CORP 재임 경력 상실,
restructuring_input,WHAT PERCENT OF @CORPFULL'S BUSINESS ASSETS DO YOU WANT TO WRITE OFF IN THIS RESTRUCTURING?,이번 구조조정에서 @CORPFULL의 사업 자산 중 몇 %를 손실 처리하시겠습니까?,
restructuring_pct,[MAXIMUM OF @PCT],[최대 @PCT],
restructuring_result1,WRITE-OFF AND RESTRUCTURING IS APPROVED BY BOARD OF DIRECTORS.,손실 처리 및 구조조정안이 이사회의 승인을 받았습니다.,
restructuring_result2,@CORP will treat the charges as an operating expense.,@CORP은/는 해당 비용을 영업비용으로 처리할 예정입니다.,
restructuring_title,@CORPFULL Restructuring,@CORPFULL 구조조정,
restructuring_toosmall,"@CORPFULL's Board of Directors will not permit any write-off at this time, on advice of its outside auditors, as its business assets are too small, currently.","@CORPFULL의 이사회는 외부 감사인의 자문에 따라, 현재 사업 자산 규모가 너무 작다는 이유로 이번에는 상각을 허용하지 않기로 했습니다.",
special_dividend_input,How much do you wish to have @CORPFULL pay out as a special dividend?,@CORPFULL의 특별배당 지급액을 얼마로 설정 하시겠습니까?,
special_dividend_tax_body,This dividend will be taxable to you (player) at the personal tax rate of @PCT. Are you sure you want to receive this taxable dividend?,이 배당금에는 개인 세율 @PCT가 적용됩니다. 과세 대상 배당금을 수령하시겠습니까?,
special_dividend_tax_result,@CORP pays out extraordinary dividend of @AMOUNT1 mil. (@AMOUNT2 a share).,@CORP이/가 특별 배당금 @AMOUNT1 M.(주당 @AMOUNT2)을 지급합니다.,
special_dividend_tax_title,Taxability of Dividend,배당금 과세 안내,
special_dividend_taxable_1,"Due to the large size of this distribution, in relation to the company's total assets, the tax authorities have ruled that this will be a 'partial liquidation' of the corporation, and thus will be fully taxable to all its stockholders, including corporate stockholders.","이번 배당은 회사 총자산 대비 규모가 커서, 세무 당국은 이를 회사의 '부분 청산'으로 판정했습니다. 따라서 법인 주주를 포함한 모든 주주에게 전액 과세됩니다.",
special_dividend_taxable_2,Are you sure you want to proceed with the distribution?,배당을 진행하시겠습니까?,
special_dividend_taxable_title,Dividend Treated As Taxable,과세 대상 배당,
special_dividend_title,@CORP Extraordinary Dividend,@CORP 특별배당,
startcompany_bank_notice,"(Or you can start a bank or insurance company, which requires a minimum of $@AMOUNT million.)",(은행이나 보험회사를 설립하려면 최소 $@AMOUNT M.이 필요합니다.),
startcompany_cost_caps,"The cost of setting up a company can be up to @PCT of its invested capital (a holding/trading company up to $@AMOUNT1 million, an industrial company up to $@AMOUNT2 million, a bank or insurance company up to $@AMOUNT3 million USD or its equivalent to gain all regulatory approvals).",기업 설립 비용은 투입 자본의 최대 @PCT 까지입니다 (지주/트레이딩 회사는 최대 $@AMOUNT1 M. 산업회사는 $@AMOUNT2 M. 은행 또는 보험회사 설립 시에는 모든 규제 승인을 받기 위한 비용이 최대 $@AMOUNT3 M. 미국 달러 또는 그에 상응하는 금액으로 제한됩니다),
startcompany_country_notice,"Your new company, @CORPFULL, will be incorporated in @COUNTRY. Do you wish to incorporate the company in a different country?","새로 설립할 기업, @CORPFULL.는 @COUNTRY에 설립됩니다. 다른 국가에 기업을 설립하시겠습니까?",
startcompany_industry_notice,Select the industry for your new company to enter.,창업할 기업이 진출할 업종을 선택하십시오,
startcompany_name_title,Do you want to change the company name or ticker?,법인 명이나 티커를 변경할까요?,
startcompany_name_yn,Do you wish to change the company name or ticker?,"법인명, 또는 티커를 수정하시겠습니까?",
startcompany_namesymbol_1,Do you want to change the company's stock symbol?,회사의 티커를 변경하시겠습니까?,
startcompany_namesymbol_2_1,Enter new stock symbol (1 to 4 letters):,새 티커를 입력하십시오 (1 ~ 4자):,
startcompany_namesymbol_2_title,Change Stock Symbol,티커 변경,
startcompany_nationality_1,"Your new corporation, @CORPFULL, will be incorporated in @COUNTRY.","새로 설립할 기업, @CORPFULL은/는 @COUNTRY에 설립됩니다.",
startcompany_nationality_2,Would you prefer that it incorporate in a different country?,다른 국가에 기업을 설립하시겠습니까?,
startcompany_nationality_3_title,=== SELECT COUNTRY OF INCORPORATION FOR @CORPFULL ===,=== @CORPFULL의 법인 설립 국가 선택 ===,
startcompany_nationality_title,Change Place of Incorporation?,법인 등록지 지정,
startcompany_result_0,SUCCESS!,성공!,
startcompany_result_name,Your new company is @CORPFULL.,새로 설립한 기업은 @CORPFULL 입니다.,
startcompany_result_title,Startup Results,창업 결과,
startcompany_success_country,Country of incorporation: @COUNTRY,기업 설립 국가: @COUNTRY,
startup_1_1,"@ENTITY1 can start up a new company, which will be @PCT - owned by @ENTITY2.","@ENTITY1은/는 신규 법인을 설립할 수 있으며, 해당 기업의 지분 @PCT은/는 @ENTITY2이/가 소유하게 됩니다.",
startup_1_2,"At least @AMOUNT1 million of capital must be injected into the new company to create it. (Or, to create a bank or insurance company, a minimum of @AMOUNT2 million is required.)",신규 법인을 설립하기 위해서는 최소 @AMOUNT1 M.의 자본금이 필요합니다. (또는 은행 및 보험회사를 설립할 수 있습니다. 설립에는 최소 @AMOUNT2 M.이 필요합니다.),
startup_1_3,"Starting a new business from scratch can be costly. Your start-up costs will be up to @PCT of the funds injected to start up the company (limited to a maximum of @AMOUNT1 million U.S. or the equivalent for a holding/trading company, @AMOUNT2 million U.S. for an industrial corporation, or a maximum @AMOUNT3 million U.S. of costs to get all the regulatory approvals, if starting up a bank or insurance company). The start-up costs will all be written off in the company's initial quarter of operations, so you can expect it to show a large net loss, initially.",사업을 처음부터 시작하는 것은 상당한 비용을 발생시킬 수 있습니다. 기업 설립 비용은 투입 자본의 최대 @PCT 까지입니다 (지주/트레이딩 회사는 최대 @AMOUNT1 M. 산업회사는 @AMOUNT2 M. 은행 또는 보험회사 설립 시에는 모든 규제 승인을 받기 위한 비용이 최대 @AMOUNT3 M. 미국 달러 또는 그에 상응하는 금액으로 제한됩니다) 초기 설립 비용이 첫 사업 분기에 전액 비용 처리되어 사업 초기에는 상당한 규모의 순손실이 발생할 것입니다.,
startup_1_4,Do you want to start up a new company?,신규 기업을 창업하시겠습니까?,
startup_1_title,Start Up New Company,신규 기업 창업,
startup_2_1,Select Industry Your {[1]Startup|Holding} Company Will Enter,{[1]창업할 기업이|지주회사가} 진출할 업종을 선택하십시오,
startup_2_title,=== INDUSTRY SELECTION: NEW COMPANY OF @PLAYER ===,=== 업종 선택: @PLAYER의 신규 기업===,
startup_3_1,Success! Your new company is @CORPFULL.,성공! 새로 설립한 기업은 @CORPFULL. 입니다.,
startup_3_1_variant2,You will need @AMOUNT million to start up a company in the @IND industry.,@IND 산업에서 신규 기업을 설립하려면 @AMOUNT M.이 필요합니다.,
startup_3_2_variant2,Enter the amount @PLAYER will contribute to capital to start up the new company.,신규 기업의 설립을 위해 @PLAYER이/가 출자할 자본금 금액을 입력하십시오.,
startup_3_title,Capitalize New Company,신규 기업 자본금 출자,
startup_already_this_year,You have already done one or more startups this year. You (or your companies) may not do another one until next year.,올해 이미 하나 이상의 기업을 창설했습니다. 본인 또는 지배 중인 기업은 내년까지 새로운 기업을 창설할 수 없습니다.,
startup_insufficient,You do not have sufficient funds to create a startup company.,스타트업 기업을 설립할 자금이 부족합니다.,
startup_namesymbol_1,The default name and stock symbol for your new company are @CORPFULL (@CORP).,신규 설립 회사의 법인명과 티커는 @CORPFULL (@CORP)입니다.,
startup_namesymbol_2,"Do you want to edit either its name, or its stock symbol?","법인명, 또는 티커를 수정하시겠습니까?",
startup_namesymbol_title,Change Name or Stock Symbol?,"법인 명, 티커 변경",
startup_nomoney1,@PLAYER needs to inject at least @AMOUNT million in order to start the new company. Startup is canceled.,@PLAYER은/는 신규 기업 설립을 위해 최소 @AMOUNT M.의 자본금을 출자해야 합니다. 창업이 취소되었습니다.,
startup_result_1,Initial startup costs were @AMOUNT million.,초기 창업 비용은 @AMOUNT M. 였습니다.,
startup_result_2,Nation where it was incorporated: @COUNTRY.,기업 설립 국가: @COUNTRY,
startup_result_2_1,(Available funds indicated below):,(사용 가능한 자금은 다음과 같습니다):,
stockissue_cancel_result,"@CORP, citing regulatory difficulties, cancels planned stock offering.",@CORP이/가 규제상의 어려움을 이유로 예정된 주식 발행을 취소했습니다.,
stockissue_cancel_title,Stock Offering Cancellation,주식 발행 취소,
stockissue_notice_title,Notice of Stock Issuance,주식 발행 공고,
stockoffer_100pct,"@CORPFULL is already @PCT owned by @PLAYER, who should make a capital contribution instead, since issuing more stock would be meaningless.","@CORPFULL은/는 이미 @PLAYER이/가 지분 @PCT를 보유하고 있어 추가 증자는 의미가 없으며, 대신 자본을 출자하는 것이 바람직합니다.",
stockreversesplit_impossible,"The current stock price of @CORPFULL is above @SHARES, too high for a reverse split.","@CORPFULL의 현재 주가가 @SHARES 초과로, 주식 병합을 하기에는 너무 높습니다.",
stockreversesplit_input,"A reverse split will increase the price per share, by reducing the number of shares (but new price not to exceed @AMOUNT per share). Enter split factor, such as @COUNT1, for a 1-for-@COUNT2 reverse split. (Maximum of @COUNT3)","주식 병합은 주식 수를 줄여 주당 가격을 높입니다 (단, 새 주가는 주당 @AMOUNT를 넘을 수 없습니다). 병합 비율을 입력하십시오. 예: @COUNT1을 입력하면 @COUNT2주를 1주로 병합합니다. (최대 @COUNT3)",
stockreversesplit_title,Reverse Stock Split by @CORPFULL,@CORPFULL의 주식 병합,
stocksplit_body,"A stock split will decrease the price per share, by increasing the number of shares (but not to new price below @SHARES1 per share). Enter split multiple, such as 2, for a 2-for-1 split. (Maximum of @COUNT)","주식 분할은 주식 수를 늘려 주당 가격을 낮춥니다 (단, 분할 후 주가가 주당 @SHARES1 미만이 되어서는 안 됩니다). 분할 배수를 입력하십시오. 예를 들어 2를 입력하면 1주를 2주로 분할합니다. (최대 @COUNT)",
stocksplit_result,Done -- New stock price of @CORP is: @AMOUNT per share.,완료 -- @CORP의 새 주가: 주당 @AMOUNT,
stocksplit_title,Stock Split by @CORPFULL,@CORPFULL 주식 분할,
stocksplit_toosmall,"The current stock price of @CORPFULL is below @AMOUNT, too low to split.","@CORPFULL의 현재 주가가 @AMOUNT 이하로, 주식 분할을 하기에 너무 낮습니다.",
tax_prepay_result,You have successfully prepaid @AMOUNT million of personal income tax for the current taxable year.,올해 과세연도 개인소득세 @AMOUNT M.을/를 성공적으로 선납했습니다.,
taxable_liquidation_1,"Cash that is received will result in taxable capital gain or loss to any of its individual shareholders, or as an extraordinary gain or loss to corporate shareholders of @CORP.","수령한 현금은 개인 주주에게는 과세 대상 자본손익으로, @CORP의 법인 주주에게는 특별손익으로 처리됩니다.",
taxable_liquidation_2,"The liquidation cannot be completed until the company has sold all its business assets and stocks, closed all options and commodity positions, terminated any interest rate swap agreements, and paid off all bondholders, bank loans, advances from players, and any final corporate income tax that is owed.","청산을 하기 위해서는 모든 사업 자산과 주식 매각, 옵션 및 원자재 포지션 정리, 금리스왑 계약 종료, 그리고 채권자와 은행 대출 및 개인 대여금, 최종 법인세까지 모두 상환해야 합니다.",
taxable_liquidation_3,Some of such transactions may also result in taxable income or losses on such transactions for @CORPFULL.,이러한 거래 중 특정 거래는 @CORPFULL에 과세 대상 소득이나 손실을 발생시킬 수 있습니다.,
taxable_liquidation_4,ARE YOU SURE YOU WANT TO PROCEED WITH THE TAXABLE LIQUIDATION?,과세 대상 청산을 진행하시겠습니까?,
taxable_liquidation_capasset,"First, @CORPFULL must sell off all of its business assets (capital assets) before it can be liquidated....","먼저, @CORPFULL은/는 청산되기 전에 모든 영업자산 (자본자산)을 매각해야 합니다....",
taxable_liquidation_result,@CORPFULL (@CORP) completes a taxable liquidation.,@CORPFULL (@CORP)이/가 과세 청산을 완료했습니다.,
taxable_liquidation_result2,The taxable liquidation of @CORPFULL has been completed.,@CORPFULL의 과세 청산이 완료되었습니다.,
taxable_liquidation_result3,"Tax loss carryovers of @CORP are lost, upon liquidation.",청산으로 인해 @CORP의 이월 결손금 세금 공제 혜택이 소멸되었습니다.,
taxable_liquidation_title,This will be a 'taxable' liquidation of @CORPFULL...,이 청산은 @CORPFULL의 '과세' 청산이 될 것입니다.,
taxfree_liquidation,Tax-free liquidation,비과세 청산,
taxfree_liquidation_1,"A tax-free liquidation of @CORPFULL1 into @CORPFULL2 should result in increased efficiency and improved operating profits for the combined entities, due to integration of the two businesses.",@CORPFULL1을/를 @CORPFULL2에 비과세로 청산하면 두 사업이 통합되어 결합 법인의 효율성이 높아지고 영업이익이 개선될 것입니다.,
taxfree_liquidation_2,DO YOU WANT TO LIQUIDATE @CORPFULL1 INTO @CORPFULL2?,@CORPFULL1을/를 @CORPFULL2에 청산하시겠습니까?,
taxfree_liquidation_title,Tax-Free Liquidation of @CORPFULL,@CORPFULL의 비과세 청산,
whiteknight_modal_body,@CORPFULL1 has @SHARES1 million shares of stock outstanding. How many million shares of new stock does @CORPFULL2 wish to sell to a 'White Knight' investor? [@SHARES2 to @SHARES3 million shares.],@CORPFULL1의 현재 발행 주식 수는 @SHARES1 M. 주입니다. @CORPFULL2이/가 '백기사' 투자자에게 신주를 몇 M. 주 발행하시겠습니까? [@SHARES2 ~ @SHARES3 M. 주],
whiteknight_result,@CORP1 issues @PCT of its stock to @CORP2 for cash.,@CORP1이/가 현금 대가로 자사 주식의 @PCT를 @CORP2에 발행했습니다.,
whiteknight_uw_fail,YOUR USUALLY CREATIVE INVESTMENT BANKING FIRM OF @UW HAS BEEN TOTALLY UNABLE TO FIND ANOTHER CLIENT THAT IS SLOW-WITTED ENOUGH TO BECOME A 'WHITE KNIGHT' BY BUYING INTO @CORP,인수단 @UW은/는 @CORP에 투자할 '백기사'가 될 정도로 만만한 투자자를 끝내 찾지 못했습니다.,
