Key,lead_en,tail_en,Ref,Category
CT-ae131445,The industry outlook for the near term is for decent profit levels in the @IND industry,", improving from current levels, as demand growth accelerates.",support=1,Candidate Template
CT-833c021b,The industry outlook for the near term is for decent profit levels in the @IND industry,", improving from current levels.",support=34,Candidate Template
CT-a5ed40fd,The industry outlook for the near term is for acceptable profit levels in the @IND industry,", improving from current levels.",support=35,Candidate Template
CT-661faa56,The industry outlook for the near term is for acceptable profit levels in the @IND industry,.,support=6,Candidate Template
CT-2cd2217c,The industry outlook for the near term is for decent profit levels in the @IND industry,.,support=6,Candidate Template
CT-98c1e0b3,The industry outlook for the near term is for high levels of profitability for the @IND industry,", but with overexpansion likely to cut into the current rich profit margins soon.",support=8,Candidate Template
CT-a55ef660,The industry outlook for the near term is for moderate profitability in the @IND industry,.,support=4,Candidate Template
CT-7fec733a,The industry outlook for the near term is for satisfactory profitability in the @IND industry,.,support=1,Candidate Template
CT-ccf8544f,The industry outlook for the near term is for severe pressure on profit margins in the @IND industry,", but demand is growing, while companies in the industry are reducing capacity.",support=4,Candidate Template
CT-1360abdc,The industry outlook for the near term is very favorable for the @IND industry,", as analysts expect demand to outstrip growth in capacity, while industry leader @CORPFULL is aggressively raising rates, rather than seeking greater market share.",support=1,Candidate Template
CT-2b1e1f43,The industry outlook for the near term is very favorable for the @IND industry,", as analysts expect demand to outstrip growth in capacity, while industry leader @CORPFULL is aggressively raising rates, rather than seeking to grow market share.",support=1,Candidate Template
CT-1c7cca4f,The industry outlook for the near term is very favorable for the @IND industry,", as analysts expect demand to outstrip growth in capacity, while industry leader @CORPFULL is focusing on profits, rather than seeking greater market share.",support=1,Candidate Template
CT-3c2b7f96,The industry outlook for the near term is very favorable for the @IND industry,", as analysts expect demand to outstrip growth in capacity, while industry leader @CORPFULL is focusing on profits, rather than seeking to grow market share.",support=3,Candidate Template
CT-e4df87fe,The industry outlook for the near term is very favorable for the @IND industry,.,support=67,Candidate Template
CT-385a6b69,The industry outlook for the near term is for continuing hefty profits for the @IND industry,", as analysts expect demand to outstrip growth in capacity, while industry leader @CORPFULL is aggressively raising prices, rather than seeking greater market share.",support=2,Candidate Template
CT-d5909154,The industry outlook for the near term is for continuing hefty profits for the @IND industry,", as analysts expect demand to outstrip growth in capacity, while industry leader @CORPFULL is aggressively raising prices, rather than seeking to grow market share.",support=1,Candidate Template
CT-199b9779,The industry outlook for the near term is for continuing hefty profits for the @IND industry,", as analysts expect demand to outstrip growth in capacity, while industry leader @CORPFULL is focusing on profits, rather than seeking greater market share.",support=9,Candidate Template
CT-f89ba6e2,The industry outlook for the near term is for continuing hefty profits for the @IND industry,", as analysts expect demand to outstrip growth in capacity, while industry leader @CORPFULL is focusing on profits, rather than seeking to grow market share.",support=1,Candidate Template
CT-242a3723,"The industry outlook for the near term is for good, but not exceptional, profits in the @IND industry",", improving from current levels.",support=29,Candidate Template
CT-cd878ead,The industry outlook for the near term is for hefty profits for the @IND industry,", with industry leader, @CORPFULL, closing stores to boost profits.",support=2,Candidate Template
CT-3b7ed60d,The industry outlook for the near term is for hefty profits for the @IND industry,", with the dominant company, @CORPFULL, closing stores to boost profits.",support=2,Candidate Template
CT-44f91928,The industry outlook for the near term is for satisfactory profitability in the @IND industry,", improving from current levels.",support=2,Candidate Template
CT-f25b7d3e,The industry outlook for the near term is for severe pressure on profit margins in the @IND industry,", but demand continues to grow, while the major company in the industry, @CORPFULL, is shutting down unprofitable operations and reducing its workforce.",support=32,Candidate Template
CT-e13b4f03,The industry outlook for the near term is bleak for the @IND industry,", as companies continue to struggle for market share, despite weak demand.",support=2,Candidate Template
CT-4032b4a7,The industry outlook for the near term is for acceptable profit levels in the @IND industry,", improving from current levels, as demand growth accelerates and capacity is reduced.",support=58,Candidate Template
CT-51ae3c3b,The industry outlook for the near term is for decent profit levels in the @IND industry,", improving from current levels, as demand growth accelerates and the number of storefronts is reduced.",support=3,Candidate Template
CT-5305c037,"The industry outlook for the near term is for good, but not exceptional, profits in the @IND industry",", improving from current levels, as demand growth accelerates.",support=1,Candidate Template
CT-af144f0b,The industry outlook for the near term is for high rates of return on capital for the @IND industry,", as analysts expect demand to outstrip growth in capacity, while industry giant @CORPFULL is aggressively raising prices, rather than seeking to grow market share.",support=1,Candidate Template
CT-6b139900,The industry outlook for the near term is for high rates of return on capital for the @IND industry,", as analysts expect demand to outstrip growth in capacity, while industry giant @CORPFULL is focusing on profits, rather than seeking greater market share.",support=1,Candidate Template
CT-a2489820,The industry outlook for the near term is for high rates of return on capital for the @IND industry,", as analysts expect demand to outstrip growth in capacity.",support=2,Candidate Template
CT-4a4b9565,The industry outlook for the near term is for satisfactory profitability in the @IND industry,", improving from current levels, as demand growth accelerates and the number of storefronts is reduced.",support=1,Candidate Template
CT-3f46fdd6,The industry outlook for the near term is for severe pressure on profit margins in the @IND industry,", as companies continue to compete for market share, despite weak demand.",support=86,Candidate Template
CT-b9b864c5,The industry outlook for the near term is for severe pressure on profit margins in the @IND industry,", but demand continues to grow, while the major company in the industry, @CORPFULL, is scaling back and showing a willingness to sacrifice market share in order to boost the bottom line.",support=28,Candidate Template
CT-1328739c,The industry outlook for the near term is for severe pressure on profit margins in the @IND industry,", with excess capacity continuing, but with some improvement expected.",support=31,Candidate Template
CT-3135275a,The industry outlook for the near term is for severe pressure on profit margins in the @IND industry,", with excessive, brutal competition continuing, as there is no indication of any significant change in depressed industry profitability in the near term.",support=83,Candidate Template
CT-99b32f6e,The industry outlook for the near term is for very difficult conditions in the @IND industry,", but demand continues to grow, while the major company in the industry, @CORPFULL, is scaling back and showing a willingness to sacrifice market share in order to boost the bottom line.",support=56,Candidate Template
CT-b3ca9dd3,The industry outlook for the near term is for very high rates of return on capital for the @IND industry,", as analysts expect demand to outstrip growth in capacity, while industry giant @CORPFULL is aggressively raising prices, rather than seeking to grow market share.",support=4,Candidate Template
CT-9de64ecf,The industry outlook for the near term is for very high rates of return on capital for the @IND industry,", as analysts expect demand to outstrip growth in capacity, while industry leader @CORPFULL is focusing on profits, rather than seeking greater market share.",support=1,Candidate Template
CT-fe57ce9c,The industry outlook for the near term is for very low or negative profit levels in the @IND industry,", as companies continue to fight for market share, despite weak demand.",support=30,Candidate Template
CT-b820323c,The industry outlook for the near term is for very low or negative profit levels in the @IND industry,", but demand continues to grow, while the major company in the industry, @CORPFULL, is shutting down unprofitable operations and reducing its workforce.",support=4,Candidate Template
CT-ead72487,The industry outlook for the near term is for very low or negative profit levels in the @IND industry,", with excess capacity continuing, but with some improvement expected.",support=28,Candidate Template
CT-60de4275,The industry outlook for the near term is for very low or negative profit levels in the @IND industry,", with excessive, brutal competition continuing, as there is no indication of any significant change in depressed industry profitability in the near term.",support=56,Candidate Template
CT-e73e0e58,The industry outlook for the near term is excellent for the @IND industry,", as analysts expect demand to outstrip growth in capacity, while industry giant @CORPFULL is focusing on profits, rather than seeking greater market share.",support=1,Candidate Template
CT-437822d7,The industry outlook for the near term is excellent for the @IND industry,", as analysts expect demand to outstrip growth in capacity, while industry giant @CORPFULL is focusing on profits, rather than seeking to grow market share.",support=2,Candidate Template
CT-595c7e52,The industry outlook for the near term is excellent for the @IND industry,", as analysts expect demand to outstrip growth in capacity, while industry leader @CORPFULL is focusing on profits, rather than seeking to grow market share.",support=86,Candidate Template
CT-2f2aa439,The industry outlook for the near term is excellent for the @IND industry,", as analysts expect demand to outstrip growth in capacity.",support=56,Candidate Template
CT-5f82aad7,The industry outlook for the near term is excellent for the @IND industry,", with companies shutting down less profitable stores to increase profitability.",support=4,Candidate Template
CT-c3e6582b,The industry outlook for the near term is for decent profit levels in the @IND industry,", improving from current levels, as demand growth accelerates and capacity is reduced.",support=4,Candidate Template
CT-7ae8f6e4,The industry outlook for the near term is for very low or negative profit levels in the @IND industry,", with excessive, brutal competition continuing, as there is no indication of any significant change in depressed industry profitability in the near future.",support=31,Candidate Template
CT-a474c30c,The industry outlook for the near term is for severe pressure on profit margins in the @IND industry,", as companies continue to battle for market share, despite weak demand.",support=29,Candidate Template
CT-024dfa01,The industry outlook for the near term is for severe pressure on profit margins in the @IND industry,", as companies continue to struggle for market share, despite weak demand.",support=29,Candidate Template
CT-e2a94cbe,The industry outlook for the near term is for severe pressure on profit margins in the @IND industry,", with excess capacity continuing, as there is no indication of any significant change in depressed industry profit levels in the near term.",support=29,Candidate Template
CT-e0b6f41d,The industry outlook for the near term is for very difficult conditions in the @IND industry,", with excess capacity continuing, as there is no indication of any significant change in depressed industry profit levels in the near term.",support=29,Candidate Template
CT-e19828af,The industry outlook for the near term is for very high rates of return on capital for the @IND industry,", as analysts expect demand to outstrip growth in capacity, while industry giant @CORPFULL is aggressively raising prices, rather than seeking greater market share.",support=29,Candidate Template
CT-1bdb3e6e,The industry outlook for the near term is for very low or negative profit levels in the @IND industry,", with excess capacity continuing, as there is no indication of any significant change in depressed industry profit levels in the near term.",support=29,Candidate Template
CT-c0d30c7d,The industry outlook for the near term is for moderate profitability in the @IND industry,", improving from current levels, as demand growth accelerates and capacity is reduced.",support=2,Candidate Template
CT-1870acf8,The industry outlook for the near term is for very low or negative profit levels in the @IND industry,", as demand is stagnant, but companies are expected to reduce capacity, which should eventually aid industry profitability.",support=2,Candidate Template
CT-f96b2391,The industry outlook for the near term is for high rates of return on capital for the @IND industry,", as analysts expect demand to outstrip growth in capacity, while industry giant @CORPFULL is focusing on profits, rather than seeking to grow market share.",support=1,Candidate Template
CT-3e477731,The industry outlook for the near term is for high rates of return on capital for the @IND industry,", as analysts expect demand to outstrip growth in capacity, while industry leader @CORPFULL is focusing on profits, rather than seeking greater market share.",support=1,Candidate Template
CT-1eff760c,The industry outlook for the near term is for moderate profitability in the @IND industry,", improving from current levels.",support=2,Candidate Template
CT-f7cc6a15,The industry outlook for the near term is excellent for the @IND industry,", as analysts expect demand to outstrip growth in capacity, while industry leader @CORPFULL is focusing on profits, rather than seeking greater market share.",support=2,Candidate Template
CT-874cc022,The industry outlook for the near term is for severe pressure on profit margins in the @IND industry,", with excess capacity continuing, as there is no indication of any significant change in depressed industry profit levels in the near future.",support=1,Candidate Template
CT-2b16f230,The industry outlook for the near term is for very difficult conditions in the @IND industry,", with excess capacity continuing, as there is no indication of any significant change in depressed industry profit levels in the near future.",support=1,Candidate Template
CT-0e072088,The industry outlook for the near term is for very low or negative profit levels in the @IND industry,", as companies continue to struggle for market share, despite weak demand.",support=1,Candidate Template
CT-7caf0b48,The industry outlook for the near term is for very low or negative profit levels in the @IND industry,", as companies continue to vie for market share, despite weak demand.",support=1,Candidate Template
CT-0e1a0cd4,The industry outlook for the near term is for very low or negative profit levels in the @IND industry,", with excess capacity continuing, as there is no indication of any significant change in depressed industry profit levels in the near future.",support=1,Candidate Template
CT-4434db7a,The industry outlook for the near term is excellent for the @IND industry,", with companies reducing capacity to increase profitability.",support=1,Candidate Template
CT-cfd261e7,The industry outlook for the near term is very favorable for the @IND industry,", as analysts expect demand to outstrip growth in capacity, while industry leader @CORPFULL.",support=2,Candidate Template
CT-de03e574,The industry outlook for the near term is for hefty profits for the @IND industry,", with the dominant company, @CORPFULL, shrinking capacity to boost profits.",support=1,Candidate Template
CT-a120dce8,The industry outlook for the near term is for hefty profits for the @IND industry,", with industry leader, @CORPFULL, shrinking capacity to boost profits.",support=1,Candidate Template
CT-cf236355,"The industry outlook for the near term is for good, but not exceptional, profits in the @IND industry",", improving from current levels, as demand growth picks up.",support=1,Candidate Template
CT-bb82f528,The industry outlook for the near term is for severe pressure on profit margins in the @IND industry,", with the existing imbalance of supply and demand continuing, as there is no indication of any significant change in depressed industry profitability in the near future.",support=1,Candidate Template
CT-c2d5aa33,The industry outlook for the near term is very favorable for the @IND industry,. The current lucrative profit environment for the industry is likely to remain stable in the near term.,support=1,Candidate Template
CT-c4d284d7,The industry outlook for the near term is for decent profit levels in the @IND industry,. The current mediocre level of industry profitability is projected to remain relatively stable for at least the next few months.,support=1,Candidate Template
CT-528dad4e,The industry outlook for the near term is for continuing hefty profits for the @IND industry,", as analysts expect demand to outstrip growth in capacity, while industry leader",support=1,Candidate Template
CT-b0a22939,The industry outlook for the near term is for very difficult conditions in the @IND industry,", due to overcapacity.",support=1,Candidate Template
CT-8df28ff8,The industry outlook for the near term is for severe pressure on profit margins in the @IND industry,", with the existing imbalance of supply and demand continuing, as there is no indication of any significant change in depressed industry profitability in the near term.",support=2,Candidate Template
CT-fcaec581,The industry outlook for the near term is for high levels of profitability for the @IND industry,", but with overexpansion likely to eat into the current rich profit margins soon.",support=1,Candidate Template
CT-83559eca,The industry outlook for the near term is excellent for the @IND industry,", with companies laying off staff to increase profit levels.",support=1,Candidate Template
CT-4e7dfa7c,The industry outlook for the near term is for severe pressure on profit margins in the @IND industry,", with excessive competition continuing, but with some improvement expected.",support=1,Candidate Template
CT-02a679b6,The industry outlook for the near term is for very difficult conditions in the @IND industry,", with excessive competition continuing, but with some improvement expected.",support=1,Candidate Template
CT-dd8d8761,The industry outlook for the near term is for very low or negative profit levels in the @IND industry,", with excessive competition continuing, but with some improvement expected.",support=1,Candidate Template
CT-3128cf58,The industry outlook for the near term is for very low or negative profit levels in the @IND industry,", with the existing imbalance of supply and demand continuing, as there is no indication of any significant change in depressed industry profitability in the near term.",support=1,Candidate Template
CT-af5145d0,The industry outlook for the near term is for very difficult conditions in the @IND industry,", with the existing imbalance of supply and demand continuing, as there is no indication of any significant change in depressed industry profitability in the near term.",support=1,Candidate Template
CT-ba43a719,The industry outlook for the near term is very favorable for the @IND industry,", with companies reducing production to increase profit levels.",support=1,Candidate Template
CT-87358fb4,The industry outlook for the near term is for continuing hefty profits for the @IND industry,", as analysts expect demand to outstrip growth in capacity, while industry giant @CORPFULL is focusing on profits, rather than seeking to grow market share.",support=1,Candidate Template
CT-32f4ae3c,The industry outlook for the near term is for very difficult conditions in the @IND industry,", as demand is stagnant, but companies are expected to reduce capacity, which should eventually aid industry profitability.",support=1,Candidate Template
CT-3af027a9,The industry outlook for the near term is for continuing hefty profits for the @IND industry,", as analysts expect demand to outstrip growth in capacity.",support=1,Candidate Template
CT-de643d27,The industry outlook for the near term is for hefty profits for the @IND industry,", with companies reducing production to increase profit levels.",support=1,Candidate Template
CT-c064d383,The industry outlook for the near term is for continuing hefty profits for the @IND industry,", as analysts expect demand to outstrip growth in capacity, while industry leader @CORPFULL2 is focusing on profits, rather than seeking to grow market share.",support=1,Candidate Template
CT-a667592d,The industry outlook for the near term is for continuing hefty profits for the @IND industry,", as analysts expect demand to outstrip growth in capacity, while industry leader @CORPFULL2 is focusing on profits, rather than seeking greater market share.",support=1,Candidate Template
CT-4cae9a26,"The industry outlook for the near term is for good, but not exceptional, profits in the @IND industry",.,support=1,Candidate Template
CT-e1309ef0,The industry outlook for the near term is for very low or negative profit levels in the @IND industry,", as companies continue to compete for market share, despite weak demand.",support=1,Candidate Template
CT-136f35bc,The industry outlook for the near term is for continuing hefty profits for the @IND industry,", as analysts expect demand to outstrip growth in capacity, while industry leader @CORPFULL is aggressively raising rates, rather than expanding market share.",support=1,Candidate Template
CT-fe973f69,The industry outlook for the near term is very favorable for the @IND industry,", as analysts expect demand to outstrip growth in capacity, while industry giant @CORPFULL is focusing on profits, rather than expanding market share.",support=1,Candidate Template
CT-5f7bf264,The industry outlook for the near term is very favorable for the @IND industry,", as analysts expect demand to outstrip growth in capacity, while industry giant @CORPFULL is aggressively raising prices, rather than expanding market share.",support=1,Candidate Template
CT-31b57f97,The industry outlook for the near term is for high rates of return on capital for the @IND industry,", as analysts expect demand to outstrip growth in capacity, while industry leader @CORPFULL is focusing on profits, rather than expanding market share.",support=1,Candidate Template
CT-48ba84b7,The industry outlook for the near term is for high rates of return on capital for the @IND industry,", as analysts expect demand to outstrip growth in capacity, while industry giant @CORPFULL is aggressively raising prices, rather than expanding market share.",support=1,Candidate Template
CT-630b5e2f,The industry outlook for the near term is for very low or negative profit levels in the @IND industry,", as industry demand collapses faster than companies can cut back capacity.",support=1,Candidate Template
CT-37b7a22e,The industry outlook for the near term is for continuing hefty profits for the @IND industry,", as analysts expect demand to outstrip growth in capacity, while industry leader @CORPFULL is focusing on profits, rather than expanding market share.",support=1,Candidate Template
CT-9d5535f9,The industry outlook for the near term is for widespread losses in the @IND industry,", as companies continue to compete for market share, despite weak demand.",support=1,Candidate Template
CT-3eaec64f,The industry outlook for the near term is very favorable for the @IND industry,", as analysts expect demand to outstrip growth in capacity.",support=1,Candidate Template
CT-56937b4f,The industry outlook for the near term is for satisfactory profitability in the @IND industry,", improving from current levels, as demand growth accelerates and capacity is reduced.",support=1,Candidate Template
CT-b9cd58e4,The industry outlook for the near term is for high rates of return on capital for the @IND industry,", as analysts expect demand to outstrip growth in capacity, while industry leader @CORPFULL is focusing on profits, rather than seeking to grow market share.",support=1,Candidate Template
CT-55716d86,The industry outlook for the near term is for severe pressure on profit margins in the @IND industry,", as companies continue to vie for market share, despite weak demand.",support=1,Candidate Template
CT-e89557f3,The industry outlook for the near term is for very low or negative profit levels in the @IND industry,", but demand is growing, while companies in the industry are reducing capacity.",support=1,Candidate Template
CT-f27bc84a,The industry outlook for the near term is very favorable for the @IND industry,", as analysts expect demand to outstrip growth in capacity, while industry leader PYRAMID.",support=1,Candidate Template
CT-4fb21c07,The industry outlook for the near term is excellent for the @IND industry,", as analysts expect demand to outstrip growth in capacity, while industry leader @CORPFULL is aggressively raising prices, rather than seeking to grow market share.",support=1,Candidate Template
CT-6a72a7e6,The industry outlook for the near term is for moderate profitability in the @IND industry,", improving from current levels, as demand growth accelerates.",support=1,Candidate Template
CT-b4572b1b,The industry outlook for the near term is very favorable for the @IND industry,", as analysts expect demand to outstrip growth in capacity, while industry leader @CORPFULL is aggressively raising prices, rather than seeking to grow market share.",support=1,Candidate Template
Outlook_lead_near_Bleak,The industry outlook for the near term is bleak for the @IND industry,.,,Candidate Template
Outlook_lead_near_HighROR,The industry outlook for the near term is for high rates of return on capital for the @IND industry,.,,Candidate Template
Outlook_lead_near_VeryhighROR,The industry outlook for the near term is for very high rates of return on capital for the @IND industry,.,,Candidate Template
Outlook_lead_near_verydifficult,The industry outlook for the near term is for very difficult conditions in the @IND industry,.,,Candidate Template
Outlook_lead_near_continueheftyProfit,The industry outlook for the near term is for continuing hefty profits for the @IND industry,.,,Candidate Template
Outlook_lead_near_excellent,The industry outlook for the near term is excellent for the @IND industry,.,,Candidate Template
Outlook_lead_Near_heftyeProfit,The industry outlook for the near term is for hefty profits for the @IND industry,.,,Candidate Template
Outlook_lead_near_highlevelProfit,The industry outlook for the near term is for high levels of profitability for the @IND industry,.,,Candidate Template
outlook_lead_near_lownegativeprofit,The industry outlook for the near term is for very low or negative profit levels in the @IND industry,.,,Candidate Template
OF-52e90ba5,The industry outlook for the near term is for widespread losses in the @IND industry,.,,Candidate Template
Outlook_lead_near_pressure,The industry outlook for the near term is for severe pressure on profit margins in the @IND industry,.,,Candidate Template
