Key,Source (EN),Target (FR),Context
financial_footnote_bondcallable_review,"The bonds are callable by @CORP at @PCT of par, beginning in @YEAR.",,
financial_footnote_bonddetails_review_detail,The bonds are currently callable at @PCT of their face value.,,
financial_footnote_bondface_review,Face amount of bonds publicly held: @AMOUNT million.,,
financial_footnote_bondytm_review,Bond Yield to Maturity at current price: @PCT%,,
financial_footnote_convertiblebond_1,"[2] Bonds issued by the company are @PCT {[1]subordinated|convertible} debentures in the amount of @AMOUNT million, which are due in @MONTH, @YEAR.",,
financial_footnote_convertiblebond_2,"The bonds are convertible into @CORP stock at @AMOUNT1 per share, or @SHARES shares for each of the @AMOUNT2 face value bonds.",,
financial_footnote_convertiblebond_2_premium,They trade at a premium of @PCT over their current conversion value.,,
financial_footnote_fund_no_rateswap,[1] {[1]The company|The fund} is not currently engaged in any interest rate swap transactions and has no undisclosed off-balance sheet liabilities.,,
financial_footnote_inv_advisor,Investment Adviser for: @CORPFULL (@CORP),,
financial_footnote_largest_bondholder,Largest bondholder is: @CORPFULL (@CORP).,,
financial_footnote_rateswap,[1] The company is a party to interest rate swap derivatives contracts with a total notional principal amount of @AMOUNT million.,,
financial_footnote_rateswap_counterparty,"[1] @CORP has an interest rate {[1]swap|swap contract} with @CORPFULL, with a notional principal amount of @AMOUNT million.",,
ind_proj_exchange_fund,EXCHANGE TRADED FUNDS INDUSTRY: FUND STRATEGIES,,
ind_proj_industry_growth,ESTIMATED LONG-TERM INDUSTRY DEMAND GROWTH RATE:   @PCT,,
ind_proj_industry_growth_02,PROJECTED INDUSTRY DEMAND GROWTH FOR THIS YEAR:    @PCT,,
ind_proj_other,6-MONTH PROJECTION FOR:  @IND INDUSTRY,,
ind_proj_other_02,"All ETFs are exempt from taxes, but pay an annual management fee of @PCT1 to @PCT2 of their total assets, paid quarterly.",,
ind_proj_other_03,They may also pay a year end fee for exceptional performance.,,
ind_proj_other_04,"ETFs must distribute 90% of their net income from interest and dividends each quarater and 100% of any capital gains they have realized, at year-end.",,
ind_summary_return_equity_02,@IND INDUSTRY: RANKED BY DIVIDEND YIELD,,
research_etf_bluechip,@CORP invests nearly all of its assets in corporate bonds with high credit ratings of @RATING or better.,,
research_etf_highincome,"@CORP invests nearly all of its assets in corporate bonds with ""junk"" credit ratings of @RATING or lower.",,
research_etf_performance,@IND INDUSTRY: RANKED BY PRICE PERFORMANCE,,
research_ext_loss,"@CORP has {incurred|sustained} extraordinary losses totalling (after-tax) @AMOUNT million, which will affect next quarter's total earnings (but will not be included in operating earnings).",,
research_report_marketshare_bare,@CORPFULL currently has a market share of @PCT,,
researchreport_3xleverage,"This is a leveraged fund, one designed to move in the same direction as the Stock Index, at 3 times the rate of change.",,
researchreport_adviser,The ETF's investment adviser is {@CORPFULL (@CORP).|@CORPFULL},,
researchreport_afilliate,(Affiliate of @CORP.),,
researchreport_analstproject,Analysts project earnings {next|this} quarter will be @AMOUNT a share.,,
researchreport_analystprice,ANALYST'S TARGET PRICE:,,
researchreport_analysttarget,ANALYST'S TARGET PRICE:    @AMOUNT,,
researchreport_antitrust,"The company plans to file an antitrust suit against @CORP,",,
researchreport_appreciated_5year,The stock has appreciated @PCT in the last @YEARS years.,,
researchreport_assetshare,Only @PCT of its assets are operating assets.,,
researchreport_backginfo,BACKGROUND INFO:  (SYMBOL: @CORP)   STOCK PRICE: @AMOUNT,,
researchreport_baddebtpct,The current bad debt reserve is @PCT of its total loans.,,
researchreport_baddebtreserves,The bank's bad debt loss reserves appear to be more than adequate to cover any reasonably anticipated loan losses.,,
researchreport_badinsuring,"Its rapid growth in business is due largely to lower underwriting standards, which means insuring more bad risks, thus higher claims losses.",,
researchreport_bank_concentrate_consumer,"The bank has concentrated heavily on lending to consumers, and such risky loans now make up @PCT of its loan portfolio.",,
researchreport_bank_interestincome_marketing,@CORP spends @PCT of its net {INTEREST|interest|PREMIUM|premium} income on advertising.,,
researchreport_bank_lossreserve,"Next quarter's earnings are likely to be adversely affected by the need to increase @CORP's loan loss reserves, which at present are only @PCT of the bank's loan portfolio.",,
researchreport_bankruptcy,"It currently has a credit rating of @RATING, and has filed for bankruptcy protection.",,
researchreport_bond_adjustcost,"@CORP's bond holdings are carried at adjusted cost (tax basis), rather than market value, except for any defaulted (D-rated) corporate bonds.",,
researchreport_bondissue,@CORP has a @AMOUNT million bond issue coming due in @YEAR.,,
researchreport_bondtrade_facev,@CORP's bonds {last|recently} traded at @PCT of face value.,,
researchreport_bothcontrolled,Both are controlled by @CORPFULL.,,
researchreport_ceo,The company's current President & CEO is @PLAYER.,,
researchreport_consistent_earning,@CORP has shown strong and consistent earnings growth in recent years.,,
researchreport_control_manage,The company is controlled and managed by financier @PLAYER.,,
researchreport_controlled_financier,The company is controlled by @CORPFULL.,,
researchreport_controlledby,The company is controlled by financier @PLAYER.,,
researchreport_convbond_price,@CORP's convertible bonds last traded at @PCT of face value.,,
researchreport_corpfull,Research Report — @CORPFULL,,
researchreport_corpmanagement_competent,competent.,,
researchreport_corpmanagement_excellent,excellent.,,
researchreport_corpmanagement_failing,failing.,,
researchreport_corpmanagement_lead1,{Current|Recent} management of @CORP has proved to be,,
researchreport_corpmanagement_mediocre,mediocre.,,
researchreport_corpmanagement_poor,poor.,,
researchreport_crudeoil_hedges,"The company has crude oil hedges in place, on which it is currently showing a substantial unbooked loss.",,
researchreport_dangerously_undiversified_loan,"@CORP has a dangerously undiversified loan portfolio, with a single business loan accounting for approximately @PCT of its total loan portfolio.",,
researchreport_deposits_expenses,Annual overhead and ad expenses are currently @PCT of deposits.,,
researchreport_est_quarterfee,Estimated quarterly pre-tax management (base) fee income is @AMOUNT M.,,
researchreport_etf_3x,"@CORP, in order to closely track 3 times the movement in the Stock Index, does computerized trading pursuant to an algorithm that does frequent Index futures trades, to stay {[1]LONG|long|SHORT|short} futures with a value equal to 3 x its net worth.",,
researchreport_etf_3xinv,"This is an ""inverse"" fund, one designed to move in the opposite direction as the Stock Index, at 3 times the rate of change.",,
researchreport_etf_earningpct,"In the last year, @CORP's share price has declined by @PCT.",,
researchreport_etf_excellent,"Performance was {[1]very good|excellent} over the last @MONTHS months, up @PCT.",,
researchreport_etf_govbond,"@CORP seeks to keep nearly @PCT1 of its assets invested in government bonds, but it only purchases long-term bonds when interest rates are relatively high, and will not buy short-term bonds when they already exceed @PCT2 of its total assets, so at times it may have large amounts parked in cash equivalents, awaiting higher interest rates.",,
researchreport_etf_noasset,"@CORP is an investment fund (ETF), with no operating assets.",,
researchreport_etf_sector,The fund invests primarily in: @SECTOR,,
researchreport_expanding,The company is expanding at a rapid @PCT rate.,,
researchreport_extraord_income,"@CORP has recorded extraordinary income items totalling (after-tax) @AMOUNT million, which will affect next quarter's total earnings (but will not be included in operating earnings).",,
researchreport_fcondition_solid,@CORP is in solid financial condition.,,
researchreport_fed_rate,"{[1]The|The U.S.} Federal Reserve is pushing interest rates {[2]higher|lower}, however.",,
researchreport_fund_manager_since,Fund manager:     @CORPFULL (@CORP) since @YEAR,,
researchreport_fundfeepercent,"Annual fund management and advisory fees are @PCT of net assets, or roughly @AMOUNT million per year.",,
researchreport_hedge_position,"The company has {commodity|stock index|@COMMODITY} hedges in place, on which it is currently showing a substantial unbooked {profit|loss}.",,
researchreport_hedge_program,Its hedging program accounted for @PCT of last quarter's net income.,,
researchreport_highdivinded_notsuitainable,"The dividend yield on the company's stock is quite high, @PCT, but {[1]the large dividend payout may not be sustainable, as the quarterly dividend rate greatly exceeds projected earnings|appears to be sustainable}.",,
researchreport_highleverage,@CORP is highly leveraged (but liquid).,,
researchreport_highly_leveraged,@CORP is highly leveraged and illiquid.,,
researchreport_holdingscompany,"@CORP is a holding/trading company, with no operating assets.",,
researchreport_incorporated,@CORPFULL is incorporated in: @COUNTRY.,,
researchreport_incurringlosses_fiscal,"The company {[1]is|is still} incurring losses during the current fiscal year{[2]''|, as it continues to spend heavily on marketing and advertising|, as it continues to spend heavily on an ambitious R & D program}.",,
researchreport_industrygroup,{The company|This company|It} is in the @IND industry.,,
researchreport_insurance_slowpace,The company's insurance in force is now growing at a very slow pace.,,
researchreport_insurance_underwriting,"@CORP is rapidly {shrinking|expanding} its insurance in force, which is currently {improving|depressing} its underwriting profitability, but which will, in the long run, eventually {decrease|increase} its asset base on which it can earn investment income.",,
researchreport_insurance_unprofit_neg,"@CORP is relatively {unprofitable|profitable} in its insurance underwriting, considering its {negative growth rate|growth rate}.",,
researchreport_insurancegrowth_minus,The company's insurance in force is now growing at a negative rate.,,
researchreport_intrate_harm,Continued {high|low} interest rates are expected to harm near-term earnings prospects.,,
researchreport_investcompany,"As an investment company, @CORP is exempt from income taxes, {as well as from taxes on capital.|in: @SECTOR}",,
researchreport_large_taxcredit,The company has large {[1]accrued|unused} R&D and/or Investment Tax Credits.,,
researchreport_largediscount,Its stock trades at a large discount from underlying net asset value per share.,,
researchreport_largeinvest,@CORP's rapid growth generates large Investment Tax Credits.,,
researchreport_largeoption_unknown,An unknown holder has large option positions on @CORP's stock.,,
researchreport_largepremium,Its stock trades at a large premium over its underlying net asset value per share.,,
researchreport_largest,Its largest stock holding is in shares of @CORPFULL.,,
researchreport_largest_consolidated_sub,<< @CORPFULL is @CORP's largest consolidated subsidiary.,,
researchreport_largest_sub_loss,"@CORPFULL is @CORP's largest affiliated subsidiary, but it generated losses of @AMOUNT million last year.",,
researchreport_last_quarter_hedging,Its hedging activities accounted for all of last quarter's earnings.,,
researchreport_less_carryingvalue,"Carrying value currently {[1]is less than|exceeds} market value, by @AMOUNT million.",,
researchreport_limitedcash,"It has cash resources (no credit line) of only @AMOUNT million at present, and may have to liquidate assets to retire its bonds.",,
researchreport_loss_quarter,a pre-tax loss of @AMOUNT million this quarter.,,
researchreport_losscarryover_capital,@CORP has a large {capital|tax} loss carryover of @AMOUNT million.,,
researchreport_lowint_goodearning,Continued {high|low} interest rates are expected to help near-term earnings prospects.,,
researchreport_lowoil_bottomline,The industry's bottom line is being {[1]helped|aided} by low fuel prices.,,
researchreport_marketshare,@CORPFULL currently has a market share of @PCT in its industry.,,
researchreport_marketshare_dominant1,"@CORPFULL is the dominant company in the industry, with a @PCT market share at present.",,
researchreport_marketshare_dominant2,@CORPFULL currently has a market share of @PCT and is the dominant company in its industry.,,
researchreport_marturity_abletopay,"It has adequate cash and bank lines of credit at present, and should be able to pay off its bonds at maturity.",,
researchreport_menagement_fired,"However, an entire new management team was recently installed.",,
researchreport_minorfactor,@CORPFULL is a minor factor in its industry.,,
researchreport_mountain_debt,@CORP {labors|operates} under a mountain of debt.,,
researchreport_new_company,"@CORP is a new company, and was not in existence in @YEAR.",,
researchreport_noliquide,"The corporation has virtually no liquid assets at present, and may have to liquidate assets to retire its bonds.",,
researchreport_noseniordebt,The company has no senior (bank) debt outstanding at this time.,,
researchreport_notmanaged_by_player,(But is not actively managed by @PLAYER.),,
researchreport_notpublicly,The company's stock is not publicly traded.,,
researchreport_offbalance_rateswap,"The {firm|bank|brokerage} has entered into various off-balance sheet interest rate swap transactions, on which it is projecting a pre-tax {gain|loss|profit} of @AMOUNT million {next|this} quarter.",,
researchreport_overhead_higher,"Annual overhead and ad expenses are currently @PCT of deposits, which is {[1]higher|lower} than the industry norm.",,
researchreport_positive_beforedebtpay,"While cash flow is negative, it is positive before debt repayments.",,
researchreport_public_deposit,"Small, public customer deposits at @CORP are growing at a rapid pace.",,
researchreport_rateswap_profit,"The insurer has entered into various off-balance sheet interest rate swap transactions, on which it is projecting a pre-tax {profit|loss} of @AMOUNT million this quarter.",,
researchreport_rating,It currently has a credit rating of @RATING.,,
researchreport_reasonable,@CORP is in reasonable financial shape.,,
researchreport_recommandation,ANALYST'S RECOMMENDATION:  @RECOMMENDATION,,
researchreport_reflect_earning,The above reported results reflect operating earnings,,
researchreport_runout_cash,It may run out of cash in @MONTHS months or less.,,
researchreport_sales_spending,@CORP spends @PCT of its sales on {R & D (research & development)|advertising and marketing}.,,
researchreport_solestockholder,Its sole stockholder is also @PLAYER.,,
researchreport_stady_decline,@CORP has seen a steady decline in earnings in recent years.,,
researchreport_stockholder_largest,Its largest stockholder is {also|''} @CORPFULL.,,
researchreport_stockoutstanding,There are @SHARES million shares of stock outstanding.,,
researchreport_stockrange_wide,@CORP's stock has traded in a wide range in recent years.,,
researchreport_stored_physical,"@CORP has bought and stored physical @COMMODITY, on which it is showing a significant unrealized {gain|loss} at present.",,
researchreport_strongearninggrowth,@CORP has shown strong earnings growth in recent years.,,
researchreport_subsidiary_lead,@CORPFULL is @CORP's {largest|only|''} {consolidated|affiliated|''} subsidiary {company|''},,
researchreport_subsidiary_lead_owned,@CORPFULL is @CORP's largest @PCT or more owned subsidiary,,
researchreport_subsidiary_tail_contribution,", and contributed @PCT of @CORP's pro forma earnings last year.",,
researchreport_subsidiary_tail_losses,", but it generated losses of @AMOUNT million last year.",,
researchreport_subsidiary_tail_nothing,", but it contributed almost nothing to @CORP's earnings last year.",,
researchreport_subsidiary_tail_offset,", and helped offset part of @CORP's pro forma losses last year.",,
researchreport_summary,@PLAYER1 - @PLAYER2,,
researchreport_taxcredit_rnd,It is generating significant tax credits from R&D spending.,,
researchreport_title,RESEARCH REPORT ON @CORPFULL,,
researchreport_underwriting_loss_warning,The company is warning that it has incurred substantial insurance underwriting losses in the current quarter.,,
researchreport_valuepershare,The fund's current Net Asset Value per share is: @AMOUNT.,,
researchreport_verylow_per,The stock of @CORP trades at a very low P/E ratio.,,
researchreport_whollysub,@CORP is a wholly - owned subsidiary of @CORPFULL.,,
researchreport_workingcapital_shortage,The company is experiencing a serious working capital shortage.,,
researchreport_wrotedown_mortgagesec,"During the last quarter, @CORP wrote down the value of its holdings of (subprime) mortgage-backed securities by @AMOUNT M., noting that many of the mortgages underlying these securities are in default.",,
researchreport_yearly_earnings,@CORP {[1]earned|lost} @AMOUNT per share for the full year @YEAR.,,
researchreport_years_netloss,@CORP has incurred net losses in each of the last @YEARS fiscal years.,,
