Key,Source (EN),Context
headerdef_amount_of_advance,AMOUNT OF ADVANCE,
headerdef_amount_of_loan,AMOUNT OF LOAN,
headerdef_borrower_s_name,BORROWER'S NAME,
headerdef_company,COMPANY,
headerdef_company_name_of_stock_being_offered,COMPANY NAME OF STOCK BEING OFFERED,
headerdef_company_s_industry_group_sorted_alphabetically,COMPANY'S INDUSTRY GROUP (SORTED ALPHABETICALLY),
headerdef_cost_per_unit_u_s,COST PER UNIT (U.S. $),
headerdef_current_demand_growth_rate,CURRENT DEMAND GROWTH RATE,
headerdef_date_offer_expires,DATE OFFER EXPIRES,
headerdef_industry_group,INDUSTRY GROUP,
headerdef_industry_profit_trend,INDUSTRY PROFIT TREND,
headerdef_investment_adviser,INVESTMENT ADVISER:,
headerdef_loan_amount,LOAN AMOUNT,
headerdef_loan_interest_rate,LOAN INTEREST RATE,
headerdef_long_term_projected_growth_rate,LONG-TERM PROJECTED GROWTH RATE,
headerdef_market_cap,MARKET CAP,
headerdef_name_of_borrower,NAME OF BORROWER,
headerdef_name_of_borrowing_company,NAME OF BORROWING COMPANY,
headerdef_name_of_company_offering_business_assets_for_sale,NAME OF COMPANY OFFERING BUSINESS ASSETS FOR SALE,
headerdef_name_of_long_party,NAME OF LONG PARTY,
headerdef_notional_principal_amount_mil,NOTIONAL PRINCIPAL AMOUNT (MIL.),
headerdef_of_assets_for_sale,OF ASSETS FOR SALE,
headerdef_of_total_loan_portfolio,% OF TOTAL LOAN PORTFOLIO,
headerdef_offer_expires,OFFER EXPIRES,
headerdef_offer_price,OFFER PRICE,
headerdef_percent_offered,PERCENT OFFERED,
headerdef_projected_return_on_cap_assets,PROJECTED RETURN ON CAP. ASSETS,
headerdef_seller_bank,SELLER BANK,
headerdef_stock_rating,STOCK RATING,
headerdef_sym,SYM.,
headerdef_ticker_symbol,TICKER SYMBOL,
headerdef_type_of_commodity,TYPE OF COMMODITY,
headerdef_type_of_int_fixed_rate,TYPE OF INT. FIXED RATE,
headerdef_units,UNITS,
