Key,Source (EN),Target (JA),Context
action_bankchange_2,@PLAYER's new bank is:  @CORPFULL,,
advance_fund_input,Enter the amount of funds you wish to advance (lend) to @CORPFULL. (Your cash on hand is @AMOUNT mil. Your cash plus line of credit is shown below.),,
advance_fund_title,Advance Funds To @CORP,,
advance_not_controlled,"You cannot advance funds to a company you do not control, @CORPFULL.",,
advance_option,Type in the symbol or name of the company who @PLAYER will trade options on:,,
advance_rating_1,"@CORP has a poor credit rating, and its creditors will not allow it it to repay your advances, unless its credit rating improves.",,
advance_rating_sure,Are you sure you wish to advance funds to a company with only a CCC credit rating?,,
advance_rating_title,Risk Warning,,
advance_repay_result,"Advance repaid to @PLAYER, in the amount of @AMOUNT million.",,
advance_result,The funds have been advanced to @CORPFULL...,,
advance_title,ADVANCE FUNDS TO A COMPANY YOU CONTROL:,,
advance_warning_rating2,Are you sure you wish to advance funds to a company with only a B credit rating?,,
antitrust_cancled,Lawsuit filing is canceled.,,
antitrust_sue_title,Sue which company? (must be in the same industry),,
autopilot_ceo_1,You are President and CEO of @CORPFULL.,,
autopilot_ceo_2,"As such, you are fully responsible for running the company, and cannot delegate your duties by putting the company on 'AutoPilot' status. You must continue to actively manage this company.",,
autopilot_off_1,"Management of the company will now entirely be your responsibility, except for routine 'housekeeping' and occasional other changes forced upon the company, such as forced sales of assets.",,
autopilot_on_1,"The company will now be managed by the program like a company you do not control, but may occasionally request your permission to do some major transactions.",,
autopilot_on_2,The 'AutoPilot' setting for this company will remain ON until you use the Toggle AutoPlay OFF button on the Management Menu or use the 'AutoPlay (Global)' item on the 'Game Settings' pulldown menu to turn this setting OFF for all corporations that you control at the time.,,
autopilot_onoff_title,AutoPilot is now turned {ON|OFF} for: @PLAYER1 (@PLAYER2).,,
bank_allocation_off_1,"ARE YOU SURE YOU WANT TO TURN AUTOMATIC ALLOCATION OF ASSETS OFF, FOR @CORPFULL?",,
bank_allocation_off_2,"Automatic allocation and re-allocation of assets is now turned off for @CORPFULL. You will henceforth need to make all decisions about the bank's purchases or sales of consumer loans, mortgages, and bonds, other than forced sales.",,
bank_allocation_off_2_1,"Monthly loan amortization (payoff) of principal will continue, at the quarterly rates of:",,
bank_allocation_off_2_2,@PCT1 for consumer loans @PCT2 for prime mortgage loans @PCT3 for subprime mortgage securities,,
bank_allocation_off_title,Turn Off Automatic Asset Allocation?,,
bank_allocation_on_1,Automatic allocation of bank assets (other than business loans and equity holdings) is currently turned OFF for @CORPFULL.,,
bank_allocation_on_2,"DO YOU WANT TO TURN ON AUTOMATIC ALLOCATION OF ASSETS, FOR @CORPFULL?",,
bank_allocation_on_title,Resume Automatic Asset Allocation?,,
bank_allocation_setted_1,The asset allocation percentages you entered have been set.,,
bank_allocation_setted_2,"Implementation will (usually) be a gradual process, as some assets are sold off and others are accumulated.",,
bank_allocation_setted_3,"Some actions that would appear to be disastrous, such as selling bonds when interest rates or high or buying or selling subprime mortgage securities at a loss during a subprime crisis or recession, may not occur in accordance with your allocation strategy until the situation has changed for the better.",,
bank_allocation_setted_4,"(In such cases, you may want to manually buy or sell such assets, even if it seems unwise.)",,
bank_allocation_strategy_allocation,Allocation,,
bank_allocation_strategy_apply,APPLY,,
bank_allocation_strategy_bonds,Bonds (Corp. & Govt.),,
bank_allocation_strategy_cancel,CANCEL,,
bank_allocation_strategy_cash,Cash Equivalents**,,
bank_allocation_strategy_class,Asset Class,,
bank_allocation_strategy_consumerloan,Consumer Loans,,
bank_allocation_strategy_desc,"Allocate bank assets, other than business loans and equities. Total must add up to @PCT1. ** Cash Equivalents must be at least @PCT2.",,
bank_allocation_strategy_off,TURN OFF,,
bank_allocation_strategy_primemort,Prime Mortgages,,
bank_allocation_strategy_subprimemort,Sub-prime Mortgages,,
bank_allocation_strategy_title,Bank Asset Allocation Strategy for: @CORPFULL,,
bank_consumerloan_buy_1,How much does @CORPFULL wish to spend (maximum) to acquire {consumer loans|prime mortgage loans|subprime mortgage loan securities}? (Available funds shown below):,,
bank_consumerloan_buy_2,@CORPFULL has purchased {consumer loans|mortgage loans|prime mortgage loans|subprime mortgage loan securities|subprime mortgage-backed securities} in the amount of @AMOUNT million.,,
bank_consumerloan_buy_3,The current annual yield on this investment is: @PCT.,,
bank_consumerloan_buy_news,@CORP pays cash to acquire {consumer loans|mortgage loans|prime mortgage loans|subprime mortgage loan securities|subprime mortgage-backed securities}.,,
bank_consumerloan_sell_1,@CORPFULL - - Sale of Loans,,
bank_consumerloan_sell_2,Enter amount of the @CORP's holdings of {consumer loans|prime mortgage loans|subprime mortgage loan securities} to sell:,,
bank_consumerloan_sell_3,CONFIRMATION OF SALE:,,
bank_consumerloan_sell_4,@CORPFULL has sold @AMOUNT million (face value) of {consumer loans|prime mortgage loans|subprime mortgage loan securities}.,,
bank_consumerloan_sell_news,@CORP sells off @AMOUNT mil. of {consumer loans|prime mortgage loans|subprime mortgage loan securities}.,,
bank_corploan_buy_1,Do you want to select the loan from a list of corporate loans that are for sale by various banks?,,
bank_corploan_buy_2,"(Otherwise, the program will search for a loan to purchase, in the approximate amount of purchase price you authorize, and only from banks not controlled by you or other players.)",,
bank_corploan_buy_3,NOTE: Only those banks that hold more than 10 business loans will offer any such loans for sale.,,
bank_corploan_buy_list_1,Do you want to sort the list of available loans by credit rating?,,
bank_corploan_buy_list_2,"(If not, they will be sorted alphabetically, by name of borrower.)",,
bank_corploan_buy_list_header,=== LIST OF CORPORATE LOANS OFFERED FOR SALE BY BANKS ===,,
bank_corploan_buy_list_title,Choose Sort Method,,
bank_corploan_buy_nonlist_1,How much does @CORPFULL wish to spend (maximum) to acquire a business loan from another bank? (Available funds shown below):,,
bank_corploan_buy_nonlist_result1,Unable to find any loan of that approximate size to acquire.,,
bank_corploan_buy_nonlist_title,@CORP - - Acquire Loans,,
bank_corploan_buy_title,View and Select from List of Loans?,,
bank_freeze_all_1,This function allows you to freeze lending by @CORPFULL{.|''} to all competing players and all companies that you do not control. Doing this universal freeze of lines of credit will NOT affect companies you control.,,
bank_freeze_all_2,DO YOU WANT THE BANK TO FREEZE THE LOANS?,,
bank_freeze_all_noloans,No loans were found that needed to be frozen,,
bank_freeze_all_result,@CORPFULL (@CORP) {FREEZES|UNFREEZES} LENDING TO @COUNT LOAN CUSTOMERS,,
bank_freeze_all_title,Freeze All Loans?,,
bank_unfreeze_all_1,This function allows you to un-freeze lending by @CORPFULL{.|''} to all competing players and all companies that you do not control. Doing this universal un-freeze of lines of credit will also un-freeze credit lines of companies you control.,,
bank_unfreeze_all_2,DO YOU WANT THE BANK TO UN-FREEZE THE LOANS?,,
bank_unfreeze_all_noloans,No loans were found that needed to be unfrozen,,
bank_unfreeze_all_title,Un-freeze All Loans?,,
bankloanui_allocation,Set Allocation,,
bankloanui_buisness,Buy Business Loans,,
bankloanui_callin,Call In,,
bankloanui_freeze,Freeze,,
become_advisor_1,"As an insurance company that currently has no investment advisory contracts with any Exchange-Traded Funds (ETFs), @CORPFULL may be able to purchase one such contract from an existing ETF adviser, at a price of 10 times the annual base fees (5 times for a bond or index fund) the selling adviser is currently earning.",,
become_advisor_2,"Once @CORP has become an adviser to an ETF, you may manage the ETF's investments, by buying or selling stocks and options, or having the ETF do public offerings of stock or issue bonds, and @CORPFULL will receive quarterly management fees and possible bonus fees for superior results.",,
become_advisor_3,"HOWEVER, note that in W$R there are no performance bonus fees for index funds or bond funds, since they operate automatically, based on trading algorithms, and that the basic management fees paid by index funds or bond funds are limited to @PCT of net assets. Accordingly, the cost to purchase the advisory contract for a bond or index fund is only 5 times the current annual base management fee.",,
become_advisor_4,"With the foregoing in mind, do you want @CORPFULL to attempt to purchase an ETF advisory contract from a current fund adviser?",,
become_advisor_title,Seek To Become Adviser?,,
become_advisory_pay_1,"The cost to purchase the advisory contract from the current adviser, @CORPFULL, is: @AMOUNT million.",,
become_advisory_pay_2,"The cost, for tax and accounting purposes, will be treated as a current, tax-deductible operating expense.",,
become_advisory_pay_3,"DO YOU WANT @CORPFULL1 TO PAY THAT AMOUNT TO THE CURRENT ADVISOR, @CORPFULL2?",,
become_advisory_pay_result,"Because @CORPFULL1 is a index fund and its investments and computerized trading are managed by a software algorithm, your company, @CORPFULL2, will not earn any kind of performance bonus fees and the annual management fee rate is set at @PCT of net assets and is not subject to increase (W$R rule).",,
become_advisory_pay_result_1,CONFIRMATION:@CORPFULL1 has acquired the right to provide advisory services to the @CORPFULL2 Exchange-Traded Fund (ETF).,,
become_advisory_pay_result_title,FEE LIMITATION FOR INDEX FUND ETFS,,
become_advisory_pay_title,Pay To Become @CORP's Adviser?,,
become_advisory_select_input,Enter (or look up and select) the stock symbol of the ETF whose advisory contract @CORPFULL wishes to buy from the current adviser to that fund.,,
become_advisory_select_notetf,That is not the stock symbol for an ETF.,,
become_advisory_select_notetf_2,Please enter the stock symbol for an ETF for which you want @CORPFULL to become the adviser,,
become_advisory_select_title,Select ETF contract by @CORPFULL,,
borrow_lineofcredit_1,@CORPFULL1 can borrow up to @AMOUNT M. from @CORPFULL2.,,
borrow_lineofcredit_2,How much do you want to borrow?,,
borrow_lineofcredit_corp,"(@CORP's loan balance, or if less, the total of available liquid funds is:)",,
borrow_lineofcredit_input,@CORPFULL1 can borrow up to @AMOUNT M. from @CORPFULL2.  How much do you want to borrow?,,
borrow_lineofcredit_nodebt,@CORPFULL doesn't owe on any bank loans or advances from players at this time.,,
borrow_lineofcredit_title,Borrow on Line of Credit,,
borrow_payingoff,Paying off (by borrowing) deficit of @AMOUNT in {[1]@CORPFULL's|your} cash account,,
buyback_corp_bond_1_1,"@CORPFULL cannot issue more bonds, under its bond indenture, until it retires all of its existing @PCT1 bond issue, trading at @PCT2 of par.",,
buyback_corp_bond_1_2,"The company can attempt to buy back some or all of its bonds which are publicly traded, at market prices. The bonds are not callable (redeemable) until @YEAR.",,
buyback_corp_bond_1_2_1,"None of the company's bonds can be purchased on the open market at this time and cannot be called (redeemed) at this time; however, @CORP may be able to purchase some of the bonds directly from current holders at market or higher prices.",,
buyback_corp_bond_1_3,Does the company wish to try to buy back some or all of its bonds?,,
buyback_corp_bond_1_4,Select 'YES' if you wish to buy back publicly traded bonds on the open market.,,
buyback_corp_bond_1_4_1,Select 'YES' if you wish to buy back bonds from a current bondholder.,,
buyback_corp_bond_1_5,@AMOUNT M. (face value) are available.,,
buyback_corp_bond_1_title,Bond Buyback or Redemption by @CORPFULL,,
buyback_corp_bond_2_input,How many bonds do you wish to buy back? @CORPFULL has sufficient funds to buy back up to @AMOUNT {million|M.|''}),,
buyback_corp_bond_2_title,Bond Buyback by @CORP,,
buyback_corp_bond_3_1,"@CORPFULL has bought back @AMOUNT1 of its bonds, for a total purchase price of @AMOUNT2, plus accrued bond interest of @AMOUNT3.",,
buyback_corp_bond_3_2,"@CORP1 has bought back bonds from @CORP2 for @AMOUNT1, plus accrued interest of @AMOUNT2.",,
buyback_corp_bond_4_1,"@CORPFULL1 can buy back up to @AMOUNT1 of its bonds from @CORPFULL2, at @SHARE points above the market price of @AMOUNT2.",,
buyback_corp_bond_4_2,Does @CORPFULL1 want to purchase some or all of the bonds held by @CORPFULL2?,,
buyback_corp_bond_4_title,Bond Buy – back,,
buyback_corp_bond_result,"@CORPFULL has bought back @AMOUNT1 million of its bonds, for a total purchase price of @AMOUNT2 million, plus accrued bond interest of @AMOUNT3 million.",,
capitalcontr_1_1,@PLAYER has @COUNT @PCT - owned companies.,,
capitalcontr_1_2,Do you want to select one from a list of companies that @PLAYER can contribute capital (cash or assets) to?,,
capitalcontr_list_list,STOCK PORTFOLIO FOR @PLAYER (In U.S. Dollars),,
capitalcontr_list_title,===  STOCK PORTFOLIO LISTING FOR @PLAYER ===,,
capitalcontr_no_subdiary,No subsidiary selected. Action is canceled.,,
capitalcontr_title,Select Recipient Company,,
ceoelect_1,APPROXIMATE ANNUAL BASE SALARY = @AMOUNT MILLION.,,
ceoelect_2,ESTIMATED ANNUAL BONUS = @AMOUNT MILLION.,,
ceoelect_3,"QUARTERLY GRANTS OF @CORP STOCK OPTIONS, BEGINNING NEXT YEAR (POSSIBLY).",,
ceoelect_title,@PLAYER ELECTED PRESIDENT OF @CORPFULL,,
ceoresign_1,"@PLAYER's resignation as President/CEO of @CORPFULL is effective, immediately. No severance pay or 'Golden Parachute' is provided, since the termination was voluntary.",,
change_dividend_down,@CORP cuts annual dividend payout to @AMOUNT per share,,
change_dividend_input,"Enter amount (per share) that you want @CORPFULL to pay out as dividends

Range: @PCT1 to @PCT2

Current annual dividend: @AMOUNT per share.",,
change_dividend_limit,Must be between @SHARES1 and @SHARES2,,
change_dividend_result,@CORP sets annual dividend payout at @AMOUNT per share,,
change_dividend_title,Change Dividend Payout for @CORP,,
change_dividend_unchanged,Dividend rate remains unchanged...,,
change_dividend_up,@CORP raises annual dividend payout to @AMOUNT per share,,
change_growth_rate_input,Enter the growth rate you want to set for @CORPFULL: (For growth in {capital assets|insurance in force|deposits}),,
change_growth_rate_result,Growth rate of capital spending changed to @PCT.,,
change_growth_rate_title,Change Growth Rate for @CORP,,
change_productivity_body,Enter percentage of interest income (@PCT1 to @PCT2) you want @CORPFULL to spend annually on marketing and/or advertising,,
change_productivity_input,Enter percentage of sales (@PCT1 to @PCT2) you want @CORPFULL to spend annually on Research and Development (R and D),,
change_productivity_market_input,Enter percentage of sales (@PCT1 to @PCT2) you want @CORPFULL to spend annually on marketing and/or advertising,,
change_productivity_result,Percent of revenue spent changed to @PCT.,,
change_productivity_spending_body,Enter percentage of gross premium income (@PCT1 to @PCT2) you want @CORPFULL to spend annually on marketing and/or advertising,,
change_productivity_title,Change Productivity Spending for @CORP,,
changename_title,Change Company Name for @CORP,,
changename_title_1,Enter new name for @CORPFULL.,,
changename_title_2,(Must be 5 to 25 characters in length.),,
changename_title_3,(Name change is only for this game.),,
contribution_asset_no,Aborting.... @PLAYER has no business assets to contribute to @CORPFULL.,,
contribution_bond_limit1,"Contributing bonds to @CORPFULL is not allowed, since corporations other than bond funds, banks, and insurance companies are not permitted to invest in bonds (in W$R).",,
contribution_bond_limit2,"(Contributing @CORPFULL's own bonds to it for cancellation would be allowed, but the company has no bonds issued and outstanding, currently.)",,
contribution_capital_input_body,How much do you want @PLAYER to contribute to @CORPFULL?,,
contribution_capital_input_title,Capital Contribution to @CORP,,
contribution_capital_result_body,@PLAYER has contributed capital of @AMOUNT mil. to  @CORPFULL.,,
contribution_capital_result_title,CONFIRMATION OF FUNDS TRANSFER:,,
contribution_stock_input,@PLAYER owns @PCT1 of @CORP1: Enter percentage of @CORP2 stock to transfer to @CORPFULL (@PCT2 to @PCT3):,,
contribution_stock_input_title,Contribution of @CORP1 Stock To @CORP2,,
contribution_stock_list,"Next, select a stock to transfer to @CORPFULL, from the list of stocks owned by @PLAYER.",,
contribution_stock_result,@PLAYER has contributed stock of @CORP to @CORPFULL.,,
contribution_subsidiary_no,"@ENTITY does not own @PCT of the stock of any subsidiary, and thus cannot make a contribution of capital to such a subsidiary.",,
contribution_type,Select the type of assets that will be transferred,,
contribution_type_asset,Contribute Business Assets,,
contribution_type_bond,Contribute Bonds,,
contribution_type_capital,Contribute Cash,,
contribution_type_stock,Contribute Stock,,
economicstat_captaxr,OTHER TAX RATES (TAXES ON CAPITAL):,,
economicstat_captaxr_bili,Wealth Tax on Billionaires:     (NONE)  [3],,
economicstat_captaxr_carbon,Carbon (Global Warming) Tax:    (NONE)  [5],,
economicstat_captaxr_corpshare,Corporate Shares Tax:     (NONE) [4],,
economicstat_captaxr_healthcare,Health Care Industries Tax:     (NONE)  [8],,
economicstat_captaxr_oil,Oil Windfall Profits Tax:       (NONE)  [6],,
economicstat_captaxr_personalholding,Personal Holding Company Tax:   (NONE)  [7],,
economicstat_comment_1,"[1] GDP is Gross Domestic Product; rate is the simulated growth rate of the U.S. economy, used in W$R as a proxy for global economic growth rates, which tend to track U.S. GDP growth.",,
economicstat_comment_2,"[2] Par value of bonds is 100, or @PCT of their face value.",,
economicstat_comment_2_1,Bond prices shown are for government bonds maturing on @DATE1 and @DATE2.,,
economicstat_comment_3,[3] Wealth Tax on billionaires and other taxes on capital are not imposed when playing W$R at Difficulty Levels 1 to 3.,,
economicstat_comment_4,"[4] When imposed, @PCT Corporate Shares Tax applies to stocks of companies incorporated in the U.S., and one other country (currently, not imposed).",,
economicstat_comment_4_1,Owners pay quarterly.,,
economicstat_comment_4_2,Not applicable to ETFs.,,
economicstat_comment_5,"[5] When imposed, Carbon Tax applies to oil, oil service, rail, auto, auto parts, tire & rubber, steel, base and precious metals, chemical, utilities, and all transport industries.",,
economicstat_comment_5_1,Tax is based on companies' capital assets.,,
economicstat_comment_5_2,Collected on a quarterly basis.,,
economicstat_comment_5_2_variant2,"@REGION1, @REGION2 companies are exempted.",,
economicstat_comment_6,"[6] When imposed, the Oil Windfall Profits Tax is imposed on the capital (business) assets of oil, oil service and engineering & construction companies.",,
economicstat_comment_6_1,"Maximum tax rate only applies if crude price is @AMOUNT1 or more, no tax when crude is @AMOUNT2 or below.",,
economicstat_comment_7,"[7] When imposed, the Personal Holding Company Tax applies to a company directly owned (@PCT1 or more) and also controlled by a player, if the company is a holding company, or is an industrial company that has less than @PCT2 of total assets invested in active business assets.",,
economicstat_comment_7_1,Tax is paid by company.,,
economicstat_comment_8,"[8] When imposed, the Health Care Industries Tax applies to companies in the @IND1, @IND2, @IND3, and @IND4 industries.",,
economicstat_comment_8_1,It is collected in quarterly installments each year.,,
economicstat_comment_9,[9] Govt. bonds held by players/companies: @AMOUNT M.,,
economicstat_comment_notimposed,"(currently, not imposed).",,
economicstat_crudeoil,CRUDE OIL PRICE PER @UNIT: @AMOUNT (In U.S. dollars),,
economicstat_currency,(Shown in currency selected: @CURRENCY),,
economicstat_gdp,"CURRENT GROWTH RATE, U.S. GDP: @PCT % [1]",,
economicstat_housing,ANNUAL HOUSING STARTS:            @AMOUNT thousand units,,
economicstat_incometaxr,INCOME TAX RATES:,,
economicstat_incometaxr_corp,Corporate Income Tax Rate:        @PCT %,,
economicstat_incometaxr_indiv,Indiv. Rate on {Capital Gains|Ordinary Income}:   @PCT %,,
economicstat_nationaldebt,NATIONAL DEBT:               @AMOUNT  Mil.   [9],,
economicstat_primeint,PRIME INTEREST RATE ON LOANS:     @PCT %,,
economicstat_stockindex,GLOBAL 1500 STOCK INDEX:       @AMOUNT,,
economicstat_tbond,PRICE OF @PCT1 T-BOND OF @YEAR: @PCT2 % of Par [2],,
economicstat_tbond2,PRICE OF @PCT1 T-BOND OF @YEAR:  @PCT2 % of Par,,
firemanagement_1,FIRE THE MANAGEMENT OF @CORPFULL?,,
firemanagement_2_1,The existing management team has provided themselves with 'Golden Parachutes' in case some corporate raider tried to fire them like this.....,,
firemanagement_2_2,The existing management team has provided themselves with 'Golden Parachutes' in case some Wall Street sociopath tried to fire them like this.....,,
firemanagement_4,These severance payments will cost the company @AMOUNT million....,,
firemanagement_5,Also...,,
firemanagement_6_1,"Your 'headhunters' say that your firm's Board of Directors have a bad reputation as axe-wielders, thus the only new executive candidates they're likely to find for @CORPFULL will probably be a bunch of {[1]turkeys|white-collar criminals|retreads|castoffs}, {[2]misfits|bozos|bottom-feeders}, and other assorted {[3]degenerates|losers}.",,
firemanagement_8,ARE YOU SURE YOU WANT TO DO THIS?,,
firemanagement_result,THE EXECUTIVES HAVE BEEN DISMISSED AND TOLD TO CLEAR OUT THEIR DESKS BY NIGHTFALL...,,
firemanagement_result_pink_slips,THE PINK SLIPS HAVE BEEN ISSUED...,,
firemanagement_tooshort_1,Note that the current management team has not been in place long enough to succeed or fail.,,
firemanagement_tooshort_2,You might want to wait to see if they are able to turn the company around before you replace them with yet another management team.,,
fund_desc_3xleverage_inverse,Triple leverage inverse (bearish) Stock Index futures.,,
fund_desc_3xleverage_long,Triple leverage long (bullish) Stock Index futures.,,
fund_desc_automobile,"Automobile makers, auto parts, tire manufacturers.",,
fund_desc_consumer,"Consumer goods (household, tobacco, food, clothing).",,
fund_desc_eastasia,"East Asia stocks (China, Japan, Korea, Hong Kong, etc.)",,
fund_desc_energy,"Energy sector (oil, oil service, utilities, engineering).",,
fund_desc_finance,"Financials (banks, insurance, brokers, holding cos.)",,
fund_desc_food_beverage,"Food and beverage production, restaurants, supermarkets.",,
fund_desc_govtbond,Long-term and short-term government bonds.,,
fund_desc_healthcare,"Health care services, biotech, drugs, drugstores.",,
fund_desc_heavyind,"Heavy industrial (defense, capital goods, machinery).",,
fund_desc_hightech,"High tech stocks (biotech, software, computers, etc.)",,
fund_desc_highyield_junk,High-yield junk-rated corporate bonds.,,
fund_desc_investmentgrade,Investment-grade corporate bonds.,,
fund_desc_material,"Basic materials (metals, paper, etc., stocks and futures).",,
fund_desc_natural_resource,"Natural resources (oil, mining, paper, and agriculture).",,
fund_desc_realestate,"Real estate (housing, materials, hotels, furnishings).",,
fund_desc_retails,"A wide variety of retailers, including restaurants.",,
fund_desc_service,"Services (media, Internet, cable, advertising, security).",,
fund_desc_transportation,"Transportation (rail, air, trucking, and shipping).",,
fund_strategies,Fund Strategies,,
greenmail_input,Greenmail which company?,,
greenmail_noheldshare,No privately held shares of @CORPFULL are available for buyback by the corporation at this time....,,
harassing_sue_title,Sue which company?,,
interestinfo,KEY INTEREST RATE INFO:,,
interestinfo_bankcd,BANK (A to AAA) CD RATE *** --   @PCT,,
interestinfo_comment1,*   Prime Rate is the interest rate charged by banks on loans to their best customers (those with AAA credit ratings).,,
interestinfo_consumer,CONSUMER LOANS RATE -- @PCT,,
interestinfo_federalpolicy,FEDERAL RESERVE MONETARY POLICY: {Neutral|TIGHTENING|EASING|Continued Quantitative Easing|Quantitative Easing|Tightening or Tapering},,
interestinfo_longb,YTM: GOVT. LONG BOND ** -- @PCT,,
interestinfo_notice_2,**  YTM: Govt. Long Bond is the Yield to Maturity (YTM) on the most distant maturity of government bonds.,,
interestinfo_notice_2_1,"The Yield to Maturity not only takes into account the interest earned on bonds, but also any difference between the face value at maturity and the current market price.",,
interestinfo_notice_2_2,"For example, a 7% bond that matures in 1 year has a 7% yield if it is trading at par (100); but it yields just over 10% if it is trading at a price of 97, since you will also earn a 3-point gain when it matures at 100 (face value) a year later.",,
interestinfo_notice_2_3,The rate shown here is the YTM on government bonds maturing in @YEAR.,,
interestinfo_notice_3,"*** CD Rate is the interest rate that is paid by banks on CDs (Certificates of Deposit), by banks with a credit rating of @RATING1 to @RATING2.",,
interestinfo_notice_3_1,Higher rates are paid by banks with lower credit ratings.,,
interestinfo_notice_3_2,"In W$R, the 'cash' balance of any corporation or player is invested in bank Demand Deposits, which pay no interest, but cash can be shifted into T-bills to earn interest, computed at the Treasury Bill ('T-bill') Rate.",,
interestinfo_notice_4,"****SOFR is Secured Overnight Financing Rate, the interest rate banks pay to each other for short-term (overnight) borrowings.",,
interestinfo_notice_4_1,"(In W$R, banks with poor credit ratings pay more than the SOFR rate on their interbank borrowings.)",,
interestinfo_prime,PRIME INTEREST RATE * -- @PCT,,
interestinfo_primemortr,PRIME MORTGAGE LOANS RATE -- @PCT,,
interestinfo_shortb,YTM: GOVT. SHORT BOND -- @PCT,,
interestinfo_sofr,SOFR RATE **** -- @PCT,,
interestinfo_subprimemorts,SUBPRIME MORT. SECURITIES   -- @PCT,,
interestinfo_tbillr,TREASURY BILL (T-BILL) RATE --   @PCT,,
issue_corp_bond_1,@CORPFULL1 can issue up to @AMOUNT million (face value) of bonds. How much (tentatively) do you want @CORPFULL2 to issue (million)?,,
issue_corp_bond_1_title,Issue Corporate Bonds,,
issue_corp_bond_2_1,Change Bond Maturity Date from @YEAR?,,
issue_corp_bond_2_2,"If @CORPFULL issues @AMOUNT of its bonds, maturing in 10 years, the interest rate on the 'straight' bonds would be @PCT%. The greater the number of years to maturity, the higher the interest rate will be. You can set the maturity date at anywhere between 3 years (maturing in @YEAR1) to 20 years (maturing in @YEAR2).",,
issue_corp_bond_2_3,"(If you decide to issue convertible bonds, the interest rate that would be paid on the bonds would be significantly lower, but the maximum maturity will be limited to 10 years from now.)",,
issue_corp_bond_2_4,"DO YOU WANT TO SEE THE INTEREST RATE FOR A DIFFERENT MATURITY, OTHER THAN 10 YEARS FROM NOW? (FOR 'STRAIGHT' BONDS.)",,
issue_corp_bond_3_1,Enter the number of years until the bonds will mature (3 to 20 years).,,
issue_corp_bond_3_title,Change Number of Years Till Bonds Will Mature,,
issue_corp_bond_4_1,"For bonds of @CORPFULL maturing in @YEAR years, issued in the amount you specified, the interest rate on the bonds would be @PCT.",,
issue_corp_bond_4_2,Is the @PCT rate and @YEAR-year term acceptable? Answer 'YES' to continue with the sale or to possibly issue convertible bonds.,,
issue_corp_bond_4_3,"(Or answer 'NO' if you want to try a different number of years to maturity, and see the effect that would have on the interest rate at which the bonds could be issued.)",,
issue_corp_bond_4_title,Change Bond Maturity Date Again?,,
issue_corp_bond_5_1,"Under current bond market conditions, it appears that @CORPFULL could issue @AMOUNT (face value) of non-convertible bonds, maturing in @YEAR, at an interest rate of @PCT.",,
issue_corp_bond_5_2,"However, the company may be able to issue convertible bonds at a lower interest rate.",,
issue_corp_bond_5_3,DO YOU WANT @CORPFULL TO TRY TO ISSUE CONVERTIBLE BONDS?,,
issue_corp_bond_5_title,Issue Convertible Bonds?,,
issue_corp_bond_6_1,"The underwriters advise that bond market conditions are such that @CORPFULL can probably issue @AMOUNT of new @PCT NON-convertible ('straight') bonds, maturing in @YEAR, and with an initial credit rating of @RATING.",,
issue_corp_bond_6_2,"Do you want to issue the bonds on those terms, in that amount?",,
issue_corp_bond_6_title,Bond Issuance Decision,,
issue_corp_bond_7_1,"The underwriters advise that @CORPFULL can issue convertible bonds that are convertible into the @CORP stock at a price of roughly @PCT1 to @PCT2 above the current stock price of @AMOUNT1, or between @AMOUNT2 and @AMOUNT3.",,
issue_corp_bond_7_2,"Click on 'OK' to select the conversion price, in that range, in order to see what interest rate would apply. Note that the lower the conversion price, the better (lower) the interest rate will be that will have to be paid in order to float the bonds.",,
issue_corp_bond_8_1,"Enter the tentative desired stock conversion price (between approximately @AMOUNT1 and @AMOUNT2 per share, on advice of the underwriters).",,
issue_corp_bond_8_title,Select the Conversion Price,,
issue_corp_bond_9_1,"Do you want to proceed with possibly issuing 'straight' (non-convertible) bonds, instead?",,
issue_corp_bond_9_title,Continue?,,
issue_corp_bond_10_1,"@CORPFULL can issue @YEAR-year bonds, convertible into the company's stock at a conversion price of @AMOUNT1 per share, at an interest rate of @PCT. As such, each @AMOUNT2 (face value) bond will be convertible into @SHARE1 shares of @CORP stock (or @SHARE2",,
issue_corp_bond_10_2,DO YOU WISH TO ISSUE THE CONVERTIBLE BONDS WITH THOSE TERMS NOW?,,
issue_corp_bond_11_convertible1,"@CORPFULL has completed the offering of @AMOUNT of its @PCT convertible bonds, due @YEAR and rated ""@RATING."" (Investment grade)",,
issue_corp_bond_11_convertible2,Each @AMOUNT face value bond is convertible into @SHARE shares of @CORP common stock.,,
issue_corp_bond_11_title,PUBLIC NOTICE OF BOND OFFERING:,,
issue_corp_bond_payoff_input,"How much of its bank debt (up to @AMOUNT million, if any) does @CORPFULL want to pay off with the proceeds of the bond issue?",,
issue_corp_bond_payoff_title,Pay off Bank Debt?,,
issue_corp_bond_poor_rating,"The corporation has a low (@RATING) credit rating and the Board of Directors will not permit the buy-back of any of its bonds at this time, unless it can be done at a deeper discount from face value, as doing so at the current market price or call price may jeopardize the company's liquidity, to the detriment of shareholders and trade creditors.",,
issue_corp_bond_small_limit,No reputable Wall Street firm will underwrite that small an issue. Issuance canceled.,,
issue_corpbond_nobond,@CORPFULL does not have any bond issue outstanding at present.,,
issue_corpbond_toonew,"@CORPFULL is too new, without an adequate earnings history as yet.",,
lawfirm_change,Selected:  {Cheap|Average|Expensive} Law Firm,,
lawfirm_change_1,Choose the type of law firm you want to retain.,,
lawfirm_change_average,Average Law Firm,,
lawfirm_change_average_title,"You have retained the uninspiring (but still expensive) firm of {Browbeat, Floggem & Harassem.|Boring, Frumpy, & Hunkerdown.} (Their motto is: 'At BF & H, our best is {none too good|good enough}.')",,
lawfirm_change_cheap,Cheap Law Firm,,
lawfirm_change_description,They will be representing you or any companies you control in antitrust cases or other litigation.,,
lawfirm_change_expensive,Expensive Law Firm,,
lawfirm_change_expensive_description,"They may demand your firstborn as an up-front retainer, but these guys are GOOD!",,
lawfirm_change_expensive_title,"You have retained the {illustrious|estimable} 'silk stocking' Wall Street law firm of {Royal, Surly, Curt & Gouge.|Lute, Pillage, Slaughter & Byrne|Rich, Snooty, Noble & Whiteshoe.} (Their motto: {'Better to pay us, than your worst enemy.'|'If you have to ask about our rates, you can't afford us.'})",,
lawfirm_change_header,Congratulations.,,
lawfirm_change_low_description,"They've never won a big case before, but yours could be their first.",,
lawfirm_change_low_title,"You have retained the storefront (storebought) law firm of {Shyster, Finagle & Fleecem.|Fastbuck, Lowball & Whiplash.|Barratry, Champerty & Maintenance|Malfeasance, Slips & Falls, P.C.|Lye, Cheet & Steele.} (Their motto: {'We aren't really that bad.'|'We'll sue anyone, any time, for anything; for a fee.'})",,
lawfirm_change_price,"NOTE RE FEES: Their typical fee in a $ 1,000 M. damage suit, if it goes to trial, would be about $ @AMOUNT M.",,
lawfirm_change_title,Select Your Law Firm,,
lawsuit_antitrust_cheat,"Case dismissed, as the remainder of this game is being played without any private (corporate) antitrust suits, since a player selected the cheat that eliminates such lawsuits. Your companies can't be sued now, but they can't file antitrust lawsuits, either.",,
lawsuit_antitrust_control,"You have a conflict of interest, since you also control @CORPFULL.",,
lawsuit_antitrust_damage_input,"Enter amount of damages @CORPFULL seeks from the defendant, limited to the lesser of @AMOUNT1 million or the net worth of the defendant, but not less than @AMOUNT2 Million (limit shown below):",,
lawsuit_antitrust_damage_title,Enter AntiTrust Damages,,
lawsuit_damages_claim,@CORPFULL {[1]seeks|is claiming} damages of @AMOUNT million.,,
lawsuit_fee,Estimated legal fees will be: @AMOUNT million if the case goes to trial (less if settled).,,
lawsuit_filed,The lawsuit will be filed.,,
lawsuit_harassing_input,How much (100 to 500 million) does @CORPFULL want to spend on legal fees?,,
lawsuit_harassing_price,The latter's legal fees are expected to be approximately @AMOUNT million.,,
lawsuit_harassing_result,A lawsuit has been filed by @CORPFULL1 vs. @CORPFULL2.,,
lawsuit_harassing_title,Legal Fees for Phony Lawsuit,,
lawsuit_settle_input,"{[1]One last thing.|''} You are suing for @AMOUNT million, but your lawyers need to know: What lesser amount would you be willing to accept to settle the case?",,
lawsuit_settle_intro,One last thing.,,
lawsuit_settle_title,Minimum You Would Settle Case For?,,
lbo_borrow_more,@CORPFULL will need to borrow more funds to complete the transaction....,,
lbo_buyback_notpermit,@CORP's credit would be severely impaired by that large a buyback. The Board of Directors will not permit it.,,
lbo_decision_1,"The LBO tender offer can be made at a stock price of @AMOUNT1 per share, or @PCT above the current market price of @CORP's stock, for a total cost of @AMOUNT2 million (plus legal fees), subject to arranging financing and obtaining all necessary approvals.",,
lbo_decision_2,DO YOU WISH TO PROCEED WITH ATTEMPTING THE BUY-BACK?,,
lbo_decision_title,LBO Decision Required,,
lbo_input_1,@CORPFULL - - LBO,,
lbo_input_2,Enter the percentage of the stock of @CORPFULL1 you want @CORPFULL2 to buy back from the public. @PCT of its stock is available.,,
lbo_input_title,Leveraged Buyout on Behalf of @CORPFULL,,
lbo_more_networth_limit,@CORP cannot pay out more than its net worth in the buyback!,,
lbo_transaction_price,PRICE WAS @AMOUNT MILLION,,
lbo_trasaction_title,TRANSACTION COMPLETED.... TOTAL BUYBACK,,
legal_fee_deductible_not,(Note: The legal fees incurred are not deductible for income tax purposes.),,
legal_fee_deductible_yes,(Note: The legal fees incurred are deductible for income tax purposes.),,
legal_fee_tenderoffer,@PLAYER incurred legal fees of @AMOUNT million in connection with this attempted tender offer.,,
liquidate_warning_parent_1,"Because the stock of @CORP1 trades at a large premium over its book value (net worth), any type of liquidation, taxable or not, will reduce the book value of @CORPFULL1, potentially reducing its stock price and lowering its credit rating.",,
liquidate_warning_parent_1_note,(This is because the net assets @CORPFULL1 will receive in liquidation will be worth far less than the value of the @CORP1 shares currently shown on @CORPFULL2's financial balance sheet.),,
liquidate_warning_parent_2,DO YOU WANT TO BEGIN THE PROCESS OF LIQUIDATING @CORPFULL NOW?,,
liquidate_warning_parent_title,Effect on Parent Company's Balance Sheet,,
liquidation_tax_disapproved,"The liquidation of @CORPFULL, ({[1]bank|insurance company}) is not permitted, since it is not 100% owned by another {[1]bank|insurance company}, and the transaction has thus been disapproved by government {[1]banking|insurance} regulators in {[2]the |''}@COUNTRY.",,
loan_denied,LOAN APPLICATION IS DENIED.,,
loan_denied_noloc,@PLAYER has no unused line of credit at this time.,,
loans_buisiness_loan,LIST OF BUSINESS LOAN CUSTOMERS OF @CORPFULL:,,
loans_buisiness_loan_1,LIST OF BUSINESS LOAN CUSTOMERS OF @CORPFULL: (U.S. Dollar amounts shown in millions),,
loans_buisiness_loan_c,_C - Denotes loan to entity controlled by another corporation.,,
loans_buisiness_loan_h,_H - Denotes loan to entity controlled by hostile player,,
loans_buisiness_loan_p,_P - Denotes loan to entity controlled by @PLAYER,,
merger_1,"The estimated legal, accounting and other costs of completing this merger, for @CORPFULL, will be roughly @AMOUNT million.",,
merger_2,"(Or some percentage of that amount, if the merger is aborted.)",,
merger_3,Are you sure you want to proceed with the proposed merger of @CORPFULL1 and @CORPFULL2?,,
merger_approved_1,THE MERGER HAS BEEN APPROVED BY @PCT OF THE SHAREHOLDERS OF @CORPFULL,,
merger_approved_2,... NOW WAITING FOR GOVERNMENT APPROVAL OF THE MERGER....,,
merger_approved_3,(Click on 'OK' to continue and see results of government ruling),,
merger_approved_result,{[1]...|''} GOVERNMENT APPROVAL OF MERGER OF @CORPFULL1 AND @CORPFULL2 OBTAINED....,,
merger_bank_not_approve,THE GOVT. BANKING COMMISSION WILL NOT APPROVE THE MERGER OF @CORPFULL1 AND @CORPFULL2 AT THIS TIME....,,
merger_controllboth,"The underwriters have done a 'fairness' valuation study, since you control both companies, and concluded that a fair offering price per share would be a premium in the range of @PCT1 to @PCT2 above the current market price of @CORP.",,
merger_fraud_warning_1,FROM: Acquisitions Department,,
merger_fraud_warning_2,SUBJ: Warning re possible phony accounting {[1]At @CORPFULL|''},,
merger_fraud_warning_3,"You need to consider whether you really want to do this transaction. The yellow lights are flashing, according to your outside CPA firm, @FACT.",,
merger_fraud_warning_4,"They've spent three weeks doing intensive due diligence work, going over the books of @CORPFULL.",,
merger_fraud_warning_5,"Everything SEEMS to check out, they say, but the partner in charge of the auditing team sent in to go over the target company's books has a ""feeling"" that something may be very fishy about @CORPFULL's financial records.",,
merger_fraud_warning_6,"As the audit partner put it, ""Something here just doesn't smell Kosher. I wonder if this whole company isn't just a an empty shell....Remember the Equity Funding scam back in the '70s? And the Bre-X phony gold mine caper in the '90s? And Enron? I just don't know about this company -- this thing looks just a bit too good to be true.... It doesn't meet the 'smell test,' in my view....""",,
merger_fraud_warning_7,"YOUR DECISION?  Click on ""YES"" to go ahead with the proposed merger, or ""NO"" to cancel it.",,
merger_input,Enter the percent (from @PCT1 to @PCT2) over market price you wish to offer for the stock of @CORPFULL (@CORP):,,
merger_input_title,Enter Merger Premium %,,
merger_memo_title,INTERNAL MEMO TO CONTROLLING SHAREHOLDER OF:,,
merger_notapproved,"Proposed @CORP1 merger with @CORP2 not approved, and is canceled.",,
merger_offer_1,"@CORPFULL1 (@CORP1) is offering to acquire all the stock of @CORPFULL2 (@CORP2) in a stock-for-stock merger, at a price of @AMOUNT1 a share, a @PCT premium over the current price of @AMOUNT2 per share for @CORP3.",,
merger_offer_2,You own @PCT of @CORPFULL.,,
merger_offer_3,"On or about @MONTHDAY, you will be able to vote these shares of @CORP, for or against the proposed merger.",,
merger_offer_ownpct,@CORPFULL1 owns @PCT of @CORPFULL2.,,
merger_reject1,ONLY @PCT OF @CORPFULL'S STOCKHOLDERS VOTED 'YES'...,,
merger_reverse_body,"DO YOU WANT @CORPFULL1 TO BE THE ACQUIRING COMPANY, SINCE IT ALREADY OWNS STOCK IN @CORPFULL2?",,
merger_reverse_title,Reverse Merger?,,
merger_stockholders_opposed,@CORPFULL's stockholders strongly opposed the merger bid from a smaller company.,,
merger_target,Merge with which company?,,
merger_taxloss_warning_1,Loss of Potential Tax Benefits if @CORP1 is Liquidated,,
merger_taxloss_warning_2,"@CORPFULL2 could generate a large tax loss by selling off the stock of @CORPFULL1 (@CORP1) or by doing a TAXABLE liquidation of @CORP1, instead of a ""non-taxable"" liquidation.",,
merger_taxloss_warning_3,Are you sure want to do a NON-taxable liquidation of @CORP1?,,
merger_title,Merger on Behalf of @CORPFULL,,
merger_unanimously_against,@CORPFULL SHAREHOLDERS HAVE UNANIMOUSLY VOTED AGAINST THE MERGER...,,
merger_voting_1,"@CORPFULL1 (@CORP1) is offering to acquire all the stock of @CORPFULL2 (@CORP2) in a stock-for-stock merger, at a @PCT premium over the current price of @AMOUNT per share.",,
merger_voting_2,@CORPFULL is a company with a credit rating of '@RATING.',,
merger_voting_4,The acquirer's stock trades at @PCT of net worth per share.,,
merger_voting_5,Does @PLAYER wish to vote his/her holdings of @CORPFULL in favor of the merger?,,
merger_voting_industry,Both companies are in the @IND industry.,,
merger_voting_largecarryover,"The acquiring company has a large tax loss carryover of @AMOUNT million, which can shelter income of the combined companies after a merger/takeover.",,
merger_voting_marketcap,"Its market cap is roughly {[1]@RATIO times as large as|@PCT1 as large as|@PCT1 larger than|@PCT1 smaller than} @CORP's{[2], and its stock has risen @PCT2 in the last year|, and its stock has fallen @PCT2 in the last year|, and its stock is down @PCT2 in the last year|, and its stock is up @PCT2 in the last year|''}.",,
merger_voting_no,A 'NO' vote will kill the merger.,,
merger_voting_own,You own a large number of shares of @CORPFULL.,,
merger_voting_ready,"@CORP1 shareholders ready to vote on a merger offer from @CORP2, which is offering a significant premium over the current stock price of @CORPFULL, in a proposed stock-for-stock takeover transaction.",,
merger_voting_result2,The proposed merger of @CORPFULL1 and @CORPFULL2 has been approved by shareholders of @CORPFULL3 and all necessary government approvals have been obtained. @CORPFULL4 is now a wholly-owned subsidiary of @CORPFULL5.,,
merger_voting_stockpercent,(@PCT of @CORP stock.),,
merger_voting_title,Vote For/Against Merger,,
merger_voting_yn,Does @CORPFULL1 wish to vote its holdings of @CORPFULL2 in favor of the merger?,,
non_taxable_liquidation_dispose_note,NOTE: @CORPFULL may be able to qualify for a tax-free liquidation if it first disposes of all of its capital assets (business operating assets).,,
prepay_1,Enter the amount of estimated income tax you wish to prepay for this year.,,
prepay_2,Any overpayment will be refunded at year-end.,,
prepay_3,(Maximum possible payment at this time is @AMOUNT million.),,
prepay_title,@PLAYER -- Prepay Income Tax,,
private_stock_offer_1,Do you want @CORPFULL to sell stock to you (@PLAYER) or a company you control?,,
private_stock_offer_player_1,Issue to @PLAYER?,,
private_stock_offer_player_2,Do you want @CORPFULL to sell new stock directly to you (player)?,,
private_stock_offer_player_3,@CORPFULL1 has @SHARES1 million shares of stock outstanding. How many million shares of new stock does @CORPFULL2 wish to sell to you? [@SHARES2 to @SHARES3 million shares.],,
private_stock_offer_player_result,@CORP issues stock to @PLAYER for cash.,,
private_stock_offer_related_1,Enter the stock symbol of your controlled company (not a bank) that @CORPFULL wishes to issue (sell) stock to:,,
private_stock_offer_related_result_1,Unable to complete transaction: @CORPFULL has insufficient cash and/or line of credit for the purchase.,,
private_stock_offer_related_title,Private Stock Sale to Related Company by:,,
private_stock_offer_result_2,(Answer 'NO' to let your brokers find an unrelated company as an investor.),,
private_stock_offer_result_venture,@CORPFULL1 has @SHARES1 million shares of stock outstanding. How many million shares of new stock does @CORPFULL2 wish to sell to a venture capital investor? [@SHARES2 to @SHARES3 million shares.],,
private_stock_offer_title,Issue Stock to Controlled Entity?,,
privateoffering_uw_fail_after_private,SORRY... THE UNDERWRITERS (@UW) SAY THEY CANNOT DO ANOTHER PRIVATE OFFERING SO SOON AFTER THE LAST SUCH OFFERING BY @CORP,,
privateoffering_uw_fail_after_public,SORRY... THE UNDERWRITERS (@UW) SAY THEY CANNOT FIND AN INVESTOR FOR THIS PRIVATE OFFERING SO SOON AFTER THE COMPANY'S LAST PUBLIC STOCK SALE....,,
public_stock_offer_1,@CORPFULL1 has @SHARES1 million shares of stock outstanding. How many million shares of new stock does @CORPFULL2 wish to sell in a public offering? [@SHARES2 to @SHARES3 million shares.],,
public_stock_offer_notyet_body,"The underwriters (@CORPFULL1), say @CORPFULL2 is too new a company, and needs more 'seasoning' and an earnings 'track record' of a few years before they can do an IPO of its stock.",,
public_stock_offer_notyet_title,The company will have to wait another year or two.,,
public_stock_offer_result,@CORP raises @AMOUNT million in {IPO|private offering of stock}.,,
public_stock_offer_small,"Enter an amount from 500 to 2,500 mil. shares",,
public_stock_offer_title,Stock Offering by @CORP,,
publicoffering_etf_result,@CORP has raised @AMOUNT in a public offering of its stock.,,
publicoffering_uw_fail_too_soon,SORRY... THE UNDERWRITERS (@UW) SAY @CORPFULL CAN'T GO BACK TO THE MARKET WITH ANOTHER PUBLIC OFFERING SO SOON.... PERHAPS LATER....,,
recall_advance_forgive_desc_1,"@CORP has too poor a credit rating at present. It cannot make the proposed repayment of this subordinated debt, under its loan covenants, as its credit rating would still be less than ""@RATING1"" (""@RATING2"") after such repayment.",,
recall_advance_forgive_desc_2,"Do you wish to try to improve its credit rating, by forgiving part of your advances (loans) to @CORPFULL?",,
recall_advance_forgive_input,"Enter the whole percentage (from 1 to 100%) of your advance to @CORP that you wish to forgive, and write-off as a bad debt.",,
recall_advance_forgive_result1,@PCT of advances from @PLAYER1 to @CORPFULL written off (forgiven) by @PLAYER2.,,
recall_advance_forgive_result2,"(The debt forgiveness is treated as a capital contribution, since @PLAYER1 owns @PCT of the stock of @CORP. It therefore increases the tax basis of the stock owned by @PLAYER2.)",,
recall_advance_forgive_title,Forgiveness of Debt,,
recall_advance_forgive_title2,Forgive Advances To @CORP,,
recall_advance_input,"Enter the amount of funds you wish for @CORPFULL to repay, of the total you have advanced to it (@AMOUNT M.)",,
recall_advance_title,Recall Advanced Funds from @CORP,,
reconstructure_notpermit,"@CORPFULL's Board of Directors will not permit any write-off at this time, on advice of its outside auditors and legal counsel, due to possible legal liability.",,
repay_1,@PLAYER owes @CORPFULL @AMOUNT million:  How much do you want to repay?,,
repay_2,"(Your loan balance, or if less, the total of available liquid funds is:)",,
repay_no,@PLAYER doesn't owe on any bank loans at this time.,,
replay_advance_input,"Enter the amount of the advance that you wish to have @CORP1 repay to player @PLAYER: @CORP2 can repay up to @AMOUNT mil., with no pre-payment penalty.",,
replay_advance_title,Repay Advance from @PLAYER?,,
reserve_takeback_input,"You can take back an amount up to the full balance in the reserve, which will decrease the reserve but will INCREASE EARNINGS for this quarter. (You can change this earnings 'adjustment' or cancel it at any time before the next earnings release.)",,
resignceo_1,"If you resign your position, you will lose your seniority, which could be a valuable asset if you are able to increase @CORP's earnings for several consecutive years, by 15% each year.",,
resignceo_2,ARE YOU SURE YOU WISH TO RESIGN YOUR POSITION?,,
resignceo_3,"(Of course, you would have to regain control of @CORP in order to remain employed past the end of this year.)",,
resignceo_4,"If you resign your position as CEO of @CORPFULL, you will lose your seniority, which can be a valuable asset if you are able to increase @CORP's earnings for several consecutive years, by 15% each year, in order to earn large bonuses.",,
resignceo_5,"But remember that since you no longer control the company's Board of Directors, you will be fired from your position as CEO of @CORP at the end of this year, unless you regain control of the company.",,
resignceo_6,"ARE YOU SURE YOU WISH TO RESIGN YOUR CURRENT CEO POSITION, IN ORDER TO BECOME CEO OF @CORPFULL{?|''}",,
resignceo_title,Loss of Seniority,,
resignceo_title2,Loss of Seniority at @CORP,,
restructuring_input,WHAT PERCENT OF @CORPFULL'S BUSINESS ASSETS DO YOU WANT TO WRITE OFF IN THIS RESTRUCTURING?,,
restructuring_pct,[MAXIMUM OF @PCT],,
restructuring_result1,WRITE-OFF AND RESTRUCTURING IS APPROVED BY BOARD OF DIRECTORS.,,
restructuring_result2,@CORP will treat the charges as an operating expense.,,
restructuring_title,@CORPFULL Restructuring,,
restructuring_toosmall,"@CORPFULL's Board of Directors will not permit any write-off at this time, on advice of its outside auditors, as its business assets are too small, currently.",,
special_dividend_input,How much do you wish to have @CORPFULL pay out as a special dividend?,,
special_dividend_tax_body,This dividend will be taxable to you (player) at the personal tax rate of @PCT. Are you sure you want to receive this taxable dividend?,,
special_dividend_tax_result,@CORP pays out extraordinary dividend of @AMOUNT1 mil. (@AMOUNT2 a share).,,
special_dividend_tax_title,Taxability of Dividend,,
special_dividend_taxable_1,"Due to the large size of this distribution, in relation to the company's total assets, the tax authorities have ruled that this will be a 'partial liquidation' of the corporation, and thus will be fully taxable to all its stockholders, including corporate stockholders.",,
special_dividend_taxable_2,Are you sure you want to proceed with the distribution?,,
special_dividend_taxable_title,Dividend Treated As Taxable,,
special_dividend_title,@CORP Extraordinary Dividend,,
startcompany_bank_notice,"(Or you can start a bank or insurance company, which requires a minimum of $@AMOUNT million.)",,
startcompany_cost_caps,"The cost of setting up a company can be up to @PCT of its invested capital (a holding/trading company up to $@AMOUNT1 million, an industrial company up to $@AMOUNT2 million, a bank or insurance company up to $@AMOUNT3 million USD or its equivalent to gain all regulatory approvals).",,
startcompany_country_notice,"Your new company, @CORPFULL, will be incorporated in @COUNTRY. Do you wish to incorporate the company in a different country?",,
startcompany_industry_notice,Select the industry for your new company to enter.,,
startcompany_name_title,Do you want to change the company name or ticker?,,
startcompany_name_yn,Do you wish to change the company name or ticker?,,
startcompany_namesymbol_1,Do you want to change the company's stock symbol?,,
startcompany_namesymbol_2_1,Enter new stock symbol (1 to 4 letters):,,
startcompany_namesymbol_2_title,Change Stock Symbol,,
startcompany_nationality_1,"Your new corporation, @CORPFULL, will be incorporated in @COUNTRY.",,
startcompany_nationality_2,Would you prefer that it incorporate in a different country?,,
startcompany_nationality_3_title,=== SELECT COUNTRY OF INCORPORATION FOR @CORPFULL ===,,
startcompany_nationality_title,Change Place of Incorporation?,,
startcompany_result_0,SUCCESS!,,
startcompany_result_name,Your new company is @CORPFULL.,,
startcompany_result_title,Startup Results,,
startcompany_success_country,Country of incorporation: @COUNTRY,,
startup_1_1,"@ENTITY1 can start up a new company, which will be @PCT - owned by @ENTITY2.",,
startup_1_2,"At least @AMOUNT1 million of capital must be injected into the new company to create it. (Or, to create a bank or insurance company, a minimum of @AMOUNT2 million is required.)",,
startup_1_3,"Starting a new business from scratch can be costly. Your start-up costs will be up to @PCT of the funds injected to start up the company (limited to a maximum of @AMOUNT1 million U.S. or the equivalent for a holding/trading company, @AMOUNT2 million U.S. for an industrial corporation, or a maximum @AMOUNT3 million U.S. of costs to get all the regulatory approvals, if starting up a bank or insurance company). The start-up costs will all be written off in the company's initial quarter of operations, so you can expect it to show a large net loss, initially.",,
startup_1_4,Do you want to start up a new company?,,
startup_1_title,Start Up New Company,,
startup_2_1,Select Industry Your {[1]Startup|Holding} Company Will Enter,,
startup_2_title,=== INDUSTRY SELECTION: NEW COMPANY OF @PLAYER ===,,
startup_3_1,Success! Your new company is @CORPFULL.,,
startup_3_1_variant2,You will need @AMOUNT million to start up a company in the @IND industry.,,
startup_3_2_variant2,Enter the amount @PLAYER will contribute to capital to start up the new company.,,
startup_3_title,Capitalize New Company,,
startup_already_this_year,You have already done one or more startups this year. You (or your companies) may not do another one until next year.,,
startup_insufficient,You do not have sufficient funds to create a startup company.,,
startup_namesymbol_1,The default name and stock symbol for your new company are @CORPFULL (@CORP).,,
startup_namesymbol_2,"Do you want to edit either its name, or its stock symbol?",,
startup_namesymbol_title,Change Name or Stock Symbol?,,
startup_nomoney1,@PLAYER needs to inject at least @AMOUNT million in order to start the new company. Startup is canceled.,,
startup_result_1,Initial startup costs were @AMOUNT million.,,
startup_result_2,Nation where it was incorporated: @COUNTRY.,,
startup_result_2_1,(Available funds indicated below):,,
stockissue_cancel_result,"@CORP, citing regulatory difficulties, cancels planned stock offering.",,
stockissue_cancel_title,Stock Offering Cancellation,,
stockissue_notice_title,Notice of Stock Issuance,,
stockoffer_100pct,"@CORPFULL is already @PCT owned by @PLAYER, who should make a capital contribution instead, since issuing more stock would be meaningless.",,
stockreversesplit_impossible,"The current stock price of @CORPFULL is above @SHARES, too high for a reverse split.",,
stockreversesplit_input,"A reverse split will increase the price per share, by reducing the number of shares (but new price not to exceed @AMOUNT per share). Enter split factor, such as @COUNT1, for a 1-for-@COUNT2 reverse split. (Maximum of @COUNT3)",,
stockreversesplit_title,Reverse Stock Split by @CORPFULL,,
stocksplit_body,"A stock split will decrease the price per share, by increasing the number of shares (but not to new price below @SHARES1 per share). Enter split multiple, such as 2, for a 2-for-1 split. (Maximum of @COUNT)",,
stocksplit_result,Done -- New stock price of @CORP is: @AMOUNT per share.,,
stocksplit_title,Stock Split by @CORPFULL,,
stocksplit_toosmall,"The current stock price of @CORPFULL is below @AMOUNT, too low to split.",,
tax_prepay_result,You have successfully prepaid @AMOUNT million of personal income tax for the current taxable year.,,
taxable_liquidation_1,"Cash that is received will result in taxable capital gain or loss to any of its individual shareholders, or as an extraordinary gain or loss to corporate shareholders of @CORP.",,
taxable_liquidation_2,"The liquidation cannot be completed until the company has sold all its business assets and stocks, closed all options and commodity positions, terminated any interest rate swap agreements, and paid off all bondholders, bank loans, advances from players, and any final corporate income tax that is owed.",,
taxable_liquidation_3,Some of such transactions may also result in taxable income or losses on such transactions for @CORPFULL.,,
taxable_liquidation_4,ARE YOU SURE YOU WANT TO PROCEED WITH THE TAXABLE LIQUIDATION?,,
taxable_liquidation_capasset,"First, @CORPFULL must sell off all of its business assets (capital assets) before it can be liquidated....",,
taxable_liquidation_result,@CORPFULL (@CORP) completes a taxable liquidation.,,
taxable_liquidation_result2,The taxable liquidation of @CORPFULL has been completed.,,
taxable_liquidation_result3,"Tax loss carryovers of @CORP are lost, upon liquidation.",,
taxable_liquidation_title,This will be a 'taxable' liquidation of @CORPFULL...,,
taxfree_liquidation,Tax-free liquidation,,
taxfree_liquidation_1,"A tax-free liquidation of @CORPFULL1 into @CORPFULL2 should result in increased efficiency and improved operating profits for the combined entities, due to integration of the two businesses.",,
taxfree_liquidation_2,DO YOU WANT TO LIQUIDATE @CORPFULL1 INTO @CORPFULL2?,,
taxfree_liquidation_title,Tax-Free Liquidation of @CORPFULL,,
whiteknight_modal_body,@CORPFULL1 has @SHARES1 million shares of stock outstanding. How many million shares of new stock does @CORPFULL2 wish to sell to a 'White Knight' investor? [@SHARES2 to @SHARES3 million shares.],,
whiteknight_result,@CORP1 issues @PCT of its stock to @CORP2 for cash.,,
whiteknight_uw_fail,YOUR USUALLY CREATIVE INVESTMENT BANKING FIRM OF @UW HAS BEEN TOTALLY UNABLE TO FIND ANOTHER CLIENT THAT IS SLOW-WITTED ENOUGH TO BECOME A 'WHITE KNIGHT' BY BUYING INTO @CORP,,
