token,name_en,target,gender,number,elision
COUNTRY,UNITED STATES,미국,,,
COUNTRY,ARGENTINA,아르헨티나,,,
COUNTRY,AUSTRALIA,호주,,,
COUNTRY,AUSTRIA,오스트리아,,,
COUNTRY,BELGIUM,벨기에,,,
COUNTRY,BRAZIL,브라질,,,
COUNTRY,CANADA,캐나다,,,
COUNTRY,CHILE,칠레,,,
COUNTRY,CHINA,중국,,,
COUNTRY,COLOMBIA,콜롬비아,,,
COUNTRY,COSTA RICA,코스타리카,,,
COUNTRY,CZECH REPUBLIC,체코,,,
COUNTRY,DENMARK,덴마크,,,
COUNTRY,EGYPT,이집트,,,
COUNTRY,FINLAND,핀란드,,,
COUNTRY,FRANCE,프랑스,,,
COUNTRY,GERMANY,독일,,,
COUNTRY,GREECE,그리스,,,
COUNTRY,HONG KONG,홍콩,,,
COUNTRY,HUNGARY,헝가리,,,
COUNTRY,ICELAND,아이슬란드,,,
COUNTRY,INDIA,인도,,,
COUNTRY,INDONESIA,인도네시아,,,
COUNTRY,IRELAND,아일랜드,,,
COUNTRY,ISRAEL,이스라엘,,,
COUNTRY,ITALY,이탈리아,,,
COUNTRY,JAPAN,일본,,,
COUNTRY,KOREA,한국,,,
COUNTRY,MALAYSIA,말레이시아,,,
COUNTRY,MEXICO,멕시코,,,
COUNTRY,NETHERLANDS,네덜란드,,,
COUNTRY,NEW ZEALAND,뉴질랜드,,,
COUNTRY,NORWAY,노르웨이,,,
COUNTRY,PAKISTAN,파키스탄,,,
COUNTRY,PERU,페루,,,
COUNTRY,PHILIPPINES,필리핀,,,
COUNTRY,POLAND,폴란드,,,
COUNTRY,PORTUGAL,포르투갈,,,
COUNTRY,RUSSIA,러시아,,,
COUNTRY,SAUDI ARABIA,사우디아라비아,,,
COUNTRY,SINGAPORE,싱가포르,,,
COUNTRY,SLOVENIA,슬로베니아,,,
COUNTRY,SOUTH AFRICA,남아프리카공화국,,,
COUNTRY,SPAIN,스페인,,,
COUNTRY,SRI LANKA,스리랑카,,,
COUNTRY,SWEDEN,스웨덴,,,
COUNTRY,SWITZERLAND,스위스,,,
COUNTRY,TAIWAN,대만,,,
COUNTRY,THAILAND,태국,,,
COUNTRY,TURKEY,튀르키예,,,
COUNTRY,UNITED KINGDOM,영국,,,
COUNTRY,URUGUAY,우루과이,,,
COUNTRY,VENEZUELA,베네수엘라,,,
COUNTRY,VIETNAM,베트남,,,
COUNTRY,MOLDOVA,몰도바,,,
COUNTRY,ROMANIA,루마니아,,,
COUNTRY,LIBYA,리비아,,,
COUNTRY,NIGERIA,나이지리아,,,
COUNTRY,BULGARIA,불가리아,,,
COUNTRY,CAMBODIA,캄보디아,,,
COUNTRY,LAOS,라오스,,,
COUNTRY,SOUTH KOREA,한국,,,
IND,BANKING,은행,,,
IND,INSURANCE,보험,,,
IND,AUTO -- NORTH AMERICA,북미 자동차,,,
IND,BIOTECHNOLOGY,생명공학,,,
IND,HOUSING DEVELOPMENT,주택 건설,,,
IND,BUILDING MATERIALS,건축자재,,,
IND,INTEGRATED OIL COMPANIES,종합 석유,,,
IND,OIL SERVICE & DRILLING,유전 서비스·시추,,,
IND,BASE METALS & MINING,비철금속·광업,,,
IND,ELECTRONICS,전자,,,
IND,NORTH AMERICAN RAIL,북미 철도,,,
IND,STEEL,철강,,,
IND,CAPITAL GOODS,자본재,,,
IND,DEFENSE & AEROSPACE,방위 및 항공우주,,,
IND,AGRIBUSINESS,농업,,,
IND,AIR TRANSPORTATION,항공운송,,,
IND,BREWING & DISTILLING,양조·증류주,,,
IND,TIRE AND RUBBER,타이어·고무,,,
IND,TEXTILES & APPAREL,섬유·의류,,,
IND,CHEMICALS -- COMMODITY,범용화학,,,
IND,PHARMACEUTICALS,제약,,,
IND,MEDICAL EQUIP. / SUPPLIES,의료기기,,,
IND,SHIPPING,해운,,,
IND,COMPUTER,컴퓨터,,,
IND,TRUCKING,화물운송,,,
IND,SOFTWARE,소프트웨어,,,
IND,PUBLISHING,출판,,,
IND,PACKAGED FOODS,가공식품,,,
IND,ENTERTAIN. & BROADCAST,엔터테인먼트·방송,,,
IND,GLOBAL TELECOMMUNICATIONS,국제통신,,,
IND,TOBACCO,담배,,,
IND,HOUSEHOLD & PERS. PRODS.,생활·개인용품,,,
IND,PAPER PRODUCTS,제지,,,
IND,BEVERAGE,음료,,,
IND,SEMICONDUCTOR,반도체,,,
IND,ADVERTISING,광고,,,
IND,SECURITIES BROKERS,증권중개,,,
IND,OFFICE EQUIPMENT,사무기기,,,
IND,INTERNET SERV. / CONTENT,인터넷 서비스,,,
IND,COMPUTER PERIPHERALS,컴퓨터 주변기기,,,
IND,RETAIL -- SPECIALTY,전문 소매,,,
IND,RETAIL -- BROAD LINE,종합 소매,,,
IND,RETAIL -- DRUGSTORES,드럭스토어 소매,,,
IND,RETAIL -- BOOKSTORES,서점 소매,,,
IND,RETAIL -- SPORTING GOODS,스포츠용품 소매,,,
IND,RETAIL -- SUPERMARKETS,슈퍼마켓 소매,,,
IND,RETAIL -- APPAREL,의류 소매,,,
IND,RETAIL -- DISCOUNTERS,할인점 소매,,,
IND,ELECTRICAL EQUIPMENT,전기장비,,,
IND,PRECIOUS METALS / MINING,귀금속,,,
IND,CHEMICALS -- SPECIALTY,특수화학,,,
IND,AIR FREIGHT COURIERS,항공화물·특송,,,
IND,TRANSPORTATION EQUIPMENT,운송장비,,,
IND,HEAVY MACHINERY,중장비,,,
IND,AUTO PARTS,자동차 부품,,,
IND,HEALTH CARE PROVIDERS,헬스케어 서비스,,,
IND,RESTAURANTS,외식,,,
IND,RECREATIONAL PRODUCTS,레저용품,,,
IND,HOTELS / CASINOS,호텔,,,
IND,FURNISHINGS / APPLIANCES,가구,,,
IND,NETWORK & TELECOM EQUIP.,네트워크·통신장비,,,
IND,SECURITY SERVICES,보안서비스,,,
IND,ENGINEERING & CONSTRUCTION,엔지니어링·건설,,,
IND,POLLUTION CONTROL,환경오염 방지,,,
IND,CABLE/SATELLITE TV--U.S.,케이블 및 위성 TV,,,
IND,FOOTWEAR,신발,,,
IND,AUTO -- EUROPE,유럽 자동차,,,
IND,AUTO -- ASIA,아시아 자동차,,,
IND,U.S. ELECTRIC & GAS UTIL.,미국 전력·가스,,,
IND,HOLDING / TRADING COS.,지주회사,,,
IND,EXCHANGE-TRADED FUNDS,상장지수펀드 (ETF),,,
IND,BASE METALS AND MINING,비철금속·광업,,,
IND,U.S. ELECTRIC AND GAS UTILITIES,미국 전력·가스,,,
IND,HOUSEHOLD AND PERSONAL PRODUCTS,생활·개인용품,,,
IND,HOUSEHOLD & PERSONAL PRODUCTS,생활·개인용품,,,
IND,HOUSEHOLD PRODUCTS,생활·개인용품,,,
IND,BIOTECH,생명공학,,,
IND,MEDICAL EQUIPMENT AND SUPPLIES,의료기기,,,
IND,MEDICAL SUPPLIES,의료기기,,,
IND,MEDICAL EQUIPMENT,의료기기,,,
IND,ENTERTAINMENT AND BROADCAST,엔터테인먼트·방송,,,
IND,ENTERTAINMENT,엔터테인먼트·방송,,,
IND,BROADCASTING,엔터테인먼트·방송,,,
IND,INTERNET SERVICE AND CONTENT,인터넷 서비스,,,
IND,INTERNET SERVICES,인터넷 서비스,,,
IND,INTERNET,인터넷 서비스,,,
IND,NETWORK AND TELECOM EQUIP.,네트워크·통신장비,,,
IND,TELECOM EQUIPMENT,네트워크·통신장비,,,
IND,BREWING AND DISTILLING,양조·증류주,,,
IND,CABLE AND SATELLITE TV,케이블 및 위성 TV,,,
IND,CABLE/SATELLITE TV,케이블 및 위성 TV,,,
IND,DEFENSE AND AEROSPACE,방위 및 항공우주,,,
IND,OIL SERVICE AND DRILLING,유전 서비스·시추,,,
IND,HOUSING,주택 건설,,,
REGION,NORTH AMERICAN,북미,,,
REGION,SOUTH AMERICAN,남미,,,
REGION,LATIN AMERICAN,중남미,,,
REGION,CENTRAL AMERICAN,중미,,,
REGION,EUROPEAN,유럽,,,
REGION,EASTERN EUROPEAN,동유럽,,,
REGION,WESTERN EUROPEAN,서유럽,,,
REGION,ASIAN,아시아,,,
REGION,EAST ASIAN,동아시아,,,
REGION,SOUTHEAST ASIAN,동남아시아,,,
REGION,AFRICAN,아프리카,,,
REGION,NORTH AFRICAN,북아프리카,,,
REGION,SUB-SAHARAN AFRICAN,사하라 이남 아프리카,,,
REGION,MIDDLE EASTERN,중동,,,
REGION,AUSTRALIAN,호주,,,
REGION,PACIFIC RIM,환태평양,,,
REGION,SCANDINAVIAN,스칸디나비아,,,
REGION,CARIBBEAN,카리브,,,
REGION,BELGIAN,벨기에,,,
REGION,KOREAN,한국,,,
REGION,CANADIAN,캐나다,,,
REGION,JOHANNESBURG,남아프리카공화국,,,
REGION,MIDWEST,중서부,,,
REGION,SOUTHEASTERN,남동부,,,
REGION,SUNBELT,선벨트,,,
REGION,ALASKAN,알래스카,,,
REGION,ARCTIC,북극,,,
REGION,EAST COAST,동부,,,
REGION,WEST COAST,서부,,,
REGION,NEW ENGLAND,뉴잉글랜드,,,
REGION,TEXAS,텍사스,,,
REGION,ZURICH,취리히,,,
REGION,SAN JOSE,산호세,,,
REGION,CALIFORNIA,캘리포니아,,,
REGION,AMERICAN,미국,,,
REGION,ARGENTINE,아르헨티나,,,
REGION,AUSTRIAN,오스트리아,,,
REGION,BRAZILIAN,브라질,,,
REGION,CHILEAN,칠레,,,
REGION,CHINESE,중국,,,
REGION,COLOMBIAN,콜롬비아,,,
REGION,COSTA RICAN,코스타리카,,,
REGION,CZECH,체코,,,
REGION,DANISH,덴마크,,,
REGION,EGYPTIAN,이집트,,,
REGION,FINNISH,핀란드,,,
REGION,FRENCH,프랑스,,,
REGION,GERMAN,독일,,,
REGION,GREEK,그리스,,,
REGION,HONG KONG,홍콩,,,
REGION,HUNGARIAN,헝가리,,,
REGION,ICELANDIC,아이슬란드,,,
REGION,INDIAN,인도,,,
REGION,INDONESIAN,인도네시아,,,
REGION,IRISH,아일랜드,,,
REGION,ISRAELI,이스라엘,,,
REGION,ITALIAN,이탈리아,,,
REGION,JAPANESE,일본,,,
REGION,MALAYSIAN,말레이시아,,,
REGION,MEXICAN,멕시코,,,
REGION,DUTCH,네덜란드,,,
REGION,NEW ZEALAND,뉴질랜드,,,
REGION,NORWEGIAN,노르웨이,,,
REGION,PAKISTANI,파키스탄,,,
REGION,PERUVIAN,페루,,,
REGION,FILIPINO,필리핀,,,
REGION,POLISH,폴란드,,,
REGION,PORTUGUESE,포르투갈,,,
REGION,RUSSIAN,러시아,,,
REGION,SAUDI ARABIAN,사우디아라비아,,,
REGION,SINGAPOREAN,싱가포르,,,
REGION,SLOVENIAN,슬로베니아,,,
REGION,SOUTH AFRICAN,남아프리카공화국,,,
REGION,SPANISH,스페인,,,
REGION,SRI LANKAN,스리랑카,,,
REGION,SWEDISH,스웨덴,,,
REGION,SWISS,스위스,,,
REGION,TAIWANESE,대만,,,
REGION,THAI,태국,,,
REGION,TURKISH,튀르키예,,,
REGION,BRITISH,영국,,,
REGION,URUGUAYAN,우루과이,,,
REGION,VENEZUELAN,베네수엘라,,,
REGION,VIETNAMESE,베트남,,,
REGION,OVERSEAS,해외,,,
REGION,IRANIAN,이란,,,
REGION,OFFSHORE,역외,,,
REGION,U.S.,미국,,,
REGION,NIGERIAN,나이지리아,,,
REGION,LIBYAN,리비아,,,
REGION,ASIA,아시아,,,
REGION,FLORIDA,플로리다,,,
REGION,SANTIAGO,샌티아고,,,
REGION,MILAN,밀라노,,,
REGION,LAOTIAN,라오스,,,
REGION,EUROPE,유럽,,,
REGION,EAST ASIA,동아시아,,,
REGION,SOUTHEAST ASIA,동남아시아,,,
REGION,MIDDLE EAST,중동,,,
REGION,LATIN AMERICA,중남미,,,
REGION,SOUTH KOREA,한국,,,
REGION,SOUTH KOREAN,한국,,,
LOCATION,UNITED STATES,미국,,,
LOCATION,ARGENTINA,아르헨티나,,,
LOCATION,AUSTRALIA,호주,,,
LOCATION,AUSTRIA,오스트리아,,,
LOCATION,BELGIUM,벨기에,,,
LOCATION,BRAZIL,브라질,,,
LOCATION,CANADA,캐나다,,,
LOCATION,CHILE,칠레,,,
LOCATION,CHINA,중국,,,
LOCATION,COLOMBIA,콜롬비아,,,
LOCATION,COSTA RICA,코스타리카,,,
LOCATION,CZECH REPUBLIC,체코,,,
LOCATION,DENMARK,덴마크,,,
LOCATION,EGYPT,이집트,,,
LOCATION,FINLAND,핀란드,,,
LOCATION,FRANCE,프랑스,,,
LOCATION,GERMANY,독일,,,
LOCATION,GREECE,그리스,,,
LOCATION,HONG KONG,홍콩,,,
LOCATION,HUNGARY,헝가리,,,
LOCATION,ICELAND,아이슬란드,,,
LOCATION,INDIA,인도,,,
LOCATION,INDONESIA,인도네시아,,,
LOCATION,IRELAND,아일랜드,,,
LOCATION,ISRAEL,이스라엘,,,
LOCATION,ITALY,이탈리아,,,
LOCATION,JAPAN,일본,,,
LOCATION,KOREA,한국,,,
LOCATION,MALAYSIA,말레이시아,,,
LOCATION,MEXICO,멕시코,,,
LOCATION,NETHERLANDS,네덜란드,,,
LOCATION,NEW ZEALAND,뉴질랜드,,,
LOCATION,NORWAY,노르웨이,,,
LOCATION,PAKISTAN,파키스탄,,,
LOCATION,PERU,페루,,,
LOCATION,PHILIPPINES,필리핀,,,
LOCATION,POLAND,폴란드,,,
LOCATION,PORTUGAL,포르투갈,,,
LOCATION,RUSSIA,러시아,,,
LOCATION,SAUDI ARABIA,사우디아라비아,,,
LOCATION,SINGAPORE,싱가포르,,,
LOCATION,SLOVENIA,슬로베니아,,,
LOCATION,SOUTH AFRICA,남아프리카공화국,,,
LOCATION,SPAIN,스페인,,,
LOCATION,SRI LANKA,스리랑카,,,
LOCATION,SWEDEN,스웨덴,,,
LOCATION,SWITZERLAND,스위스,,,
LOCATION,TAIWAN,대만,,,
LOCATION,THAILAND,태국,,,
LOCATION,TURKEY,튀르키예,,,
LOCATION,UNITED KINGDOM,영국,,,
LOCATION,URUGUAY,우루과이,,,
LOCATION,VENEZUELA,베네수엘라,,,
LOCATION,VIETNAM,베트남,,,
LOCATION,MOLDOVA,몰도바,,,
LOCATION,ROMANIA,루마니아,,,
LOCATION,LIBYA,리비아,,,
LOCATION,NIGERIA,나이지리아,,,
LOCATION,BULGARIA,불가리아,,,
LOCATION,CAMBODIA,캄보디아,,,
LOCATION,LAOS,라오스,,,
LOCATION,SOUTH KOREA,한국,,,
LOCATION,NORTH AMERICAN,북미,,,
LOCATION,SOUTH AMERICAN,남미,,,
LOCATION,LATIN AMERICAN,중남미,,,
LOCATION,CENTRAL AMERICAN,중미,,,
LOCATION,EUROPEAN,유럽,,,
LOCATION,EASTERN EUROPEAN,동유럽,,,
LOCATION,WESTERN EUROPEAN,서유럽,,,
LOCATION,ASIAN,아시아,,,
LOCATION,EAST ASIAN,동아시아,,,
LOCATION,SOUTHEAST ASIAN,동남아시아,,,
LOCATION,AFRICAN,아프리카,,,
LOCATION,NORTH AFRICAN,북아프리카,,,
LOCATION,SUB-SAHARAN AFRICAN,사하라 이남 아프리카,,,
LOCATION,MIDDLE EASTERN,중동,,,
LOCATION,AUSTRALIAN,호주,,,
LOCATION,PACIFIC RIM,환태평양,,,
LOCATION,SCANDINAVIAN,스칸디나비아,,,
LOCATION,CARIBBEAN,카리브,,,
LOCATION,BELGIAN,벨기에,,,
LOCATION,KOREAN,한국,,,
LOCATION,CANADIAN,캐나다,,,
LOCATION,JOHANNESBURG,남아프리카공화국,,,
LOCATION,MIDWEST,중서부,,,
LOCATION,SOUTHEASTERN,남동부,,,
LOCATION,SUNBELT,선벨트,,,
LOCATION,ALASKAN,알래스카,,,
LOCATION,ARCTIC,북극,,,
LOCATION,EAST COAST,동부,,,
LOCATION,WEST COAST,서부,,,
LOCATION,NEW ENGLAND,뉴잉글랜드,,,
LOCATION,TEXAS,텍사스,,,
LOCATION,ZURICH,취리히,,,
LOCATION,SAN JOSE,산호세,,,
LOCATION,CALIFORNIA,캘리포니아,,,
LOCATION,AMERICAN,미국,,,
LOCATION,ARGENTINE,아르헨티나,,,
LOCATION,AUSTRIAN,오스트리아,,,
LOCATION,BRAZILIAN,브라질,,,
LOCATION,CHILEAN,칠레,,,
LOCATION,CHINESE,중국,,,
LOCATION,COLOMBIAN,콜롬비아,,,
LOCATION,COSTA RICAN,코스타리카,,,
LOCATION,CZECH,체코,,,
LOCATION,DANISH,덴마크,,,
LOCATION,EGYPTIAN,이집트,,,
LOCATION,FINNISH,핀란드,,,
LOCATION,FRENCH,프랑스,,,
LOCATION,GERMAN,독일,,,
LOCATION,GREEK,그리스,,,
LOCATION,HUNGARIAN,헝가리,,,
LOCATION,ICELANDIC,아이슬란드,,,
LOCATION,INDIAN,인도,,,
LOCATION,INDONESIAN,인도네시아,,,
LOCATION,IRISH,아일랜드,,,
LOCATION,ISRAELI,이스라엘,,,
LOCATION,ITALIAN,이탈리아,,,
LOCATION,JAPANESE,일본,,,
LOCATION,MALAYSIAN,말레이시아,,,
LOCATION,MEXICAN,멕시코,,,
LOCATION,DUTCH,네덜란드,,,
LOCATION,NORWEGIAN,노르웨이,,,
LOCATION,PAKISTANI,파키스탄,,,
LOCATION,PERUVIAN,페루,,,
LOCATION,FILIPINO,필리핀,,,
LOCATION,POLISH,폴란드,,,
LOCATION,PORTUGUESE,포르투갈,,,
LOCATION,RUSSIAN,러시아,,,
LOCATION,SAUDI ARABIAN,사우디아라비아,,,
LOCATION,SINGAPOREAN,싱가포르,,,
LOCATION,SLOVENIAN,슬로베니아,,,
LOCATION,SOUTH AFRICAN,남아프리카공화국,,,
LOCATION,SPANISH,스페인,,,
LOCATION,SRI LANKAN,스리랑카,,,
LOCATION,SWEDISH,스웨덴,,,
LOCATION,SWISS,스위스,,,
LOCATION,TAIWANESE,대만,,,
LOCATION,THAI,태국,,,
LOCATION,TURKISH,튀르키예,,,
LOCATION,BRITISH,영국,,,
LOCATION,URUGUAYAN,우루과이,,,
LOCATION,VENEZUELAN,베네수엘라,,,
LOCATION,VIETNAMESE,베트남,,,
LOCATION,OVERSEAS,해외,,,
LOCATION,IRANIAN,이란,,,
LOCATION,OFFSHORE,역외,,,
LOCATION,U.S.,미국,,,
LOCATION,NIGERIAN,나이지리아,,,
LOCATION,LIBYAN,리비아,,,
LOCATION,ASIA,아시아,,,
LOCATION,FLORIDA,플로리다,,,
LOCATION,SANTIAGO,샌티아고,,,
LOCATION,MILAN,밀라노,,,
LOCATION,LAOTIAN,라오스,,,
LOCATION,EUROPE,유럽,,,
LOCATION,EAST ASIA,동아시아,,,
LOCATION,SOUTHEAST ASIA,동남아시아,,,
LOCATION,MIDDLE EAST,중동,,,
LOCATION,LATIN AMERICA,중남미,,,
LOCATION,SOUTH KOREAN,한국,,,
LOCATION,WALL STREET,미국,,,
LOCATION,BUENOS AIRES,아르헨티나,,,
LOCATION,SYDNEY,호주,,,
LOCATION,VIENNA,오스트리아,,,
LOCATION,BRUSSELS,벨기에,,,
LOCATION,SAO PAOLO,브라질,,,
LOCATION,TORONTO,캐나다,,,
LOCATION,SHANGHAI,중국,,,
LOCATION,BOGOTA,콜롬비아,,,
LOCATION,PRAGUE,체코,,,
LOCATION,COPENHAGEN,덴마크,,,
LOCATION,CAIRO,이집트,,,
LOCATION,HELSINKI,핀란드,,,
LOCATION,PARIS,프랑스,,,
LOCATION,FRANKFURT,독일,,,
LOCATION,ATHENS,그리스,,,
LOCATION,BUDAPEST,헝가리,,,
LOCATION,REYKJAVIK,아이슬란드,,,
LOCATION,NEW DELHI,인도,,,
LOCATION,JAKARTA,인도네시아,,,
LOCATION,DUBLIN,아일랜드,,,
LOCATION,TEL AVIV,이스라엘,,,
LOCATION,TOKYO,일본,,,
LOCATION,SEOUL,한국,,,
LOCATION,KUALA LUMPUR,말레이시아,,,
LOCATION,MEXICO CITY,멕시코,,,
LOCATION,AMSTERDAM,네덜란드,,,
LOCATION,AUCKLAND,뉴질랜드,,,
LOCATION,OSLO,노르웨이,,,
LOCATION,KARACHI,파키스탄,,,
LOCATION,LIMA,페루,,,
LOCATION,MANILA,필리핀,,,
LOCATION,WARSAW,폴란드,,,
LOCATION,LISBON,포르투갈,,,
LOCATION,MOSCOW,러시아,,,
LOCATION,RIYADH,사우디아라비아,,,
LOCATION,LJUBLJANA,슬로베니아,,,
LOCATION,MADRID,스페인,,,
LOCATION,COLOMBO,스리랑카,,,
LOCATION,STOCKHOLM,스웨덴,,,
LOCATION,TAIPEI,대만,,,
LOCATION,BANGKOK,태국,,,
LOCATION,ISTANBUL,튀르키예,,,
LOCATION,LONDON,영국,,,
LOCATION,MONTEVIDEO,우루과이,,,
LOCATION,CARACAS,베네수엘라,,,
LOCATION,HANOI,베트남,,,
LOCATION,CHISINAU,몰도바,,,
LOCATION,BUCHAREST,루마니아,,,
LOCATION,TRIPOLI,리비아,,,
LOCATION,LAGOS,나이지리아,,,
LOCATION,SOFIA,불가리아,,,
LOCATION,PHNOM PENH,캄보디아,,,
LOCATION,VIENTIANE,라오스,,,
ASSET,OPERATING ASSETS,운영 자산,,,
ASSET,MINING PROPERTIES,채굴 자산,,,
ASSET,AIRCRAFT PLANT,항공기 공장,,,
ASSET,PACKING PLANT,포장 공장,,,
ASSET,RAIL ASSETS,철도 자산,,,
ASSET,OIL REFINERY,정유소,,,
ASSET,OIL HOLDINGS,석유 자산,,,
ASSET,SEISMIC DIVISION,물리탐사 사업부,,,
ASSET,CIGAR OPERATION,시가 사업,,,
ASSET,ROLLING STOCK,철도 차량,,,
ASSET,RAW LAND,미개발 부지,,,
ASSET,STEEL MILL,제철소,,,
ASSET,LABORATORIES,연구소,,,
ASSET,OPERATIONS,사업체,,,
ASSET,OPERATION,사업,,,
ASSET,DIVISION,사업부,,,
ASSET,OFFICES,사무소,,,
ASSET,FACILITY,시설,,,
ASSET,UNIT,부문,,,
ASSET,STORES,매장,,,
ASSET,BREWERY,양조장,,,
ASSET,DEVELOPMENT,개발 사업,,,
ASSET,OUTLETS,아울렛,,,
ASSET,PLANT,공장,,,
ASSET,ASSETS,자산,,,
ASSET,HOSPITALS,병원,,,
ASSET,PROPERTIES,부동산,,,
ASSET,EQUIPMENT,장비,,,
ASSET,CAPITAL ASSETS,자본 자산,,,
ASSET,CHEMICAL PLANT,화학 공장,,,
ASSET,E-PUBLISHING DIVISION,전자출판 사업부,,,
ASSET,FACTORY,공장,,,
ASSET,BUSINESS ASSETS,사업 자산,,,
ASSET,LAND HOLDINGS,토지 자산,,,
ASSET,PRINTING PLANT,인쇄 공장,,,
ASSET,AUTO PLANT,자동차 공장,,,
ASSET,LIGHT TRUCK UNIT,경트럭 부문,,,
ASSET,S.U.V. FACILITY,SUV 시설,,,
ASSET,HYBRID MINICAR UNIT,하이브리드 소형차 부문,,,
ASSET,HYBRID CAR FACILITY,하이브리드 자동차 시설,,,
ASSET,RESEARCH LABS,연구소,,,
ASSET,SOLAR UNIT,태양광 부문,,,
ASSET,WINDFARM UNIT,풍력발전 부문,,,
ASSET,OIL & GAS RESERVES,석유·가스 매장량,,,
ASSET,OIL FIELD,유전,,,
ASSET,DRILLING RIGS,시추 설비,,,
ASSET,SEMI-SUBMERSIBLE RIGS,반잠수식 시추 설비,,,
ASSET,ARCTIC OPERATIONS,북극 사업,,,
ASSET,ALASKAN OPERATION,알래스카 사업,,,
ASSET,LUNAR BASE,달 기지,,,
ASSET,ASTEROID MINING DIVISION,소행성 채굴 사업부,,,
ASSET,SPACE WEAPONS DIVISION,우주 무기 사업부,,,
ASSET,FARM LAND,농지,,,
ASSET,OLDER AIRCRAFT,구형 항공기,,,
ASSET,SOUTH PACIFIC ROUTES,남태평양 노선,,,
ASSET,GATES AND LANDING RIGHTS,게이트 및 착륙권,,,
ASSET,EUROPEAN ROUTE SYSTEM,유럽 노선망,,,
ASSET,TEXTILE MILL,섬유 공장,,,
ASSET,PETROCHEMICALS UNIT,석유화학 부문,,,
ASSET,CONTAINERSHIPS,컨테이너선,,,
ASSET,SEVERAL VESSELS,선박 여러 척,,,
ASSET,OLDER VESSELS,노후 선박,,,
ASSET,WESTERN PACIFIC LINE,서태평양 항로,,,
ASSET,SOFTWARE DIVISION,소프트웨어 사업부,,,
ASSET,INTERNET DIVISION,인터넷 사업부,,,
ASSET,BIO-MEMORY UNIT,바이오메모리 부문,,,
ASSET,ROBOTICS DIVISION,로봇공학 사업부,,,
ASSET,TEXAS OPERATION,텍사스 사업,,,
ASSET,ONLINE SUBSCRIBER UNIT,온라인 구독 부문,,,
ASSET,PAPER MILL,제지 공장,,,
ASSET,BOTTLING PLANT,병입 공장,,,
ASSET,SOFT DRINK OPERATION,청량음료 사업,,,
ASSET,FRUIT JUICE OPERATION,과일주스 사업,,,
ASSET,SOLAR DIVISION,태양광 사업부,,,
ASSET,DRAM FACILITY,D램 시설,,,
ASSET,WAFER FAB PLANT,웨이퍼 팹 공장,,,
ASSET,NEWER AIRCRAFT,신형 항공기,,,
ASSET,OLDER PLANES,구형 비행기,,,
ASSET,EAST ASIAN OPERATIONS,동아시아 사업,,,
ASSET,EUROPEAN GROUND OPERATION,유럽 지상 사업,,,
ASSET,SAO PAOLO FACTORY,상파울루 공장,,,
ASSET,MEXICAN OPERATION,멕시코 사업,,,
ASSET,MUMBAI ASSEMBLY PLANT,뭄바이 조립 공장,,,
ASSET,BEIJING PARTS PLANT,베이징 부품 공장,,,
ASSET,MANUFACTURING UNIT,제조 부문,,,
ASSET,FACILITIES,시설물,,,
ASSET,HMO OPERATION,HMO(건강관리기구) 사업,,,
ASSET,RESTAURANTS,레스토랑,,,
ASSET,CABLE PROPERTIES,케이블 자산,,,
ASSET,GENERATING PLANT,발전소,,,
ASSET,NUCLEAR FACILITY,원자력 시설,,,
ASSET,POWER PLANT,발전소,,,
ASSET,WIND FARM,풍력발전단지,,,
ASSET,GEOTHERMAL UNIT,지열발전 부문,,,
ASSET,OVERSEAS UNIT,해외 부문,,,
ASSET,LATIN AMERICAN UNIT,중남미 부문,,,
ASSET,WEST COAST DRAM FACILITY,서부 D램 시설,,,
ASSET,OIL ASSETS,석유 자산,,,
ASSET,ASSEMBLY PLANTS,조립 공장,,,
ASSET,MANUFACTURING FACILITY,제조 시설,,,
ASSET,COAL-FIRED PLANT,석탄화력발전소,,,
ASSET,MILL,공장,,,
ASSET,NUCLEAR PLANT,원자력 발전소,,,
ASSET,PLANTS,공장들,,,
ASSET,OIL RIGS,석유 시추 시설,,,
ASSET,CHIP PLANT,반도체 공장,,,
ASSET,ROUTE SYSTEM,노선망,,,
ASSET,OIL DRILLING RIG,석유 시추 설비,,,
ASSET,MINING OPERATION,채광 사업부,,,
ASSET,PIPELINES,송유관,,,
ASSET,OFFSHORE OIL RIG,해상 시추 시설,,,
ASSET,PORT FACILITIES,항만 시설,,,
ASSET,CLOSING PLANTS,폐쇄 예정 공장,,,
ASSET,OBSOLETE PLANTS,노후 공장,,,
ASSET,OLDER PLANTS,구형 공장,,,
ASSET,MINERAL DEPOSIT,광물 매장지,,,
ASSET,COPPER DEPOSIT,구리 매장지,,,
ASSET,GOLD DEPOSIT,금 매장지,,,
ASSET,TIRE PLANT,타이어 공장,,,
ASSET,NURSING HOME DIVISION,요양원 사업부,,,
ASSET,HOSPITALS DIVISION,병원 사업부,,,
ASSET,OIL RIG,시추 시설,,,
COMMODITY,OIL,원유,,,
COMMODITY,GOLD,금,,,
COMMODITY,SILVER,은,,,
COMMODITY,WHEAT,밀,,,
COMMODITY,CORN,옥수수,,,
COMMODITY,BITCOIN,비트코인,,,
COMMODITY,ETHEREUM,이더리움,,,
COMMODITY,STOCK INDEX,주가지수,,,
COMMODITY,CRUDE OIL,원유,,,
COMMODITY,THE STOCK MARKET INDEX,주가지수,,,
