name_en,target,gender,number,elision
"Automobile makers, auto parts, tire manufacturers.","자동차 제조사, 자동차 부품, 타이어 제조사",,,
"Basic materials (metals, paper, etc., stocks and futures).","원자재 (철강, 제지 등, 주식과 선물)",,,
"Consumer goods (household, tobacco, food, clothing).","소비재 (가정용품, 담배, 음식, 의류)",,,
"Energy sector (oil, oil service, utilities, engineering).","에너지 부문 (석유, 석유 서비스, 전력-가스, 엔지니어링)",,,
"Financials (banks, insurance, brokers, holding cos.)","금융 (은행, 보험, 증권사, 지주회사)",,,
"Food and beverage production, restaurants, supermarkets.","음식 및 음료 생산, 레스토랑, 슈퍼마켓",,,
"Health care services, biotech, drugs, drugstores.","헬스 케어 서비스, 바이오테크, 제약, 드러그스토어",,,
"Heavy industrial (defense, capital goods, machinery).","중공업 (방위산업, 자본재, 기계)",,,
High-yield junk-rated corporate bonds.,고수익 정크등급 회사채,,,
Investment-grade corporate bonds.,투자 등급 회사채,,,
Long-term and short-term government bonds.,장단기 국채,,,
"Natural resources (oil, mining, paper, and agriculture).","천연자원 (석유, 광산, 제지, 농업)",,,
"Real estate (housing, materials, hotels, furnishings).","부동산 (주택, 건축자재, 호텔, 가구)",,,
"Services (media, Internet, cable, advertising, security).","서비스 (미디어, 인터넷, 케이블, 광고, 보안)",,,
"Transportation (rail, air, trucking, and shipping).","운송 (철도, 항공, 화물 트럭 운송, 그리고 해운)",,,
Triple leverage long (bullish) Stock Index futures.,3배 레버리지 롱 (상승형) 주가지수 선물,,,
"A wide variety of retailers, including restaurants.",식당을 비롯한 다양한 소매점,,,
"High tech stocks (biotech, software, computers, etc.)","하이테크 주식들 (바이오테크, 소프트웨어, 컴퓨터 등)",,,
"East Asia stocks (China, Japan, Korea, Hong Kong, etc.)","동 아시아 주식 (중국, 일본, 한국, 홍콩 등)",,,
Triple leverage inverse (bearish) Stock Index futures.,3배 레버리지 인버스 (하락형) 주가지수 선물,,,
